sample,score_threshold,veto,high_score_candidates,signals_after_veto,kept_pct,avg_exhaustion_count,avg_mfe_60m,avg_mae_60m,success_15m,avg_forward_15m,success_30m,avg_forward_30m,success_60m,avg_forward_60m,success_120m,avg_forward_120m,continuation_metric
DISCOVERY,65,NONE,392,392,100.0,0.5510204081632653,8.681859566326523,9.42385201530613,0.46938775510204084,0.14196283163266799,0.4770408163265306,0.4124023979592034,0.4923469387755102,0.3977270153061419,0.49744897959183676,-0.14742994897958697,0.48469387755102045
VALIDATION,65,NONE,172,172,100.0,0.5174418604651163,8.664252034883702,8.390156860465135,0.47674418604651164,0.10552029069767847,0.5465116279069767,0.49071563953486136,0.4941860465116279,-0.2234597674418616,0.5813953488372093,-1.8735462209302294,0.5168604651162791
DISCOVERY,65,CLOSE_SUPPORT,392,332,84.6938775510204,0.3373493975903614,8.359748704819257,8.797513132530135,0.48493975903614456,-0.06763283132528318,0.4939759036144578,0.16955563253014885,0.49698795180722893,0.12604054216869526,0.5060240963855421,-0.5940446084337205,0.4951807228915663
VALIDATION,65,CLOSE_SUPPORT,172,154,89.53488372093024,0.42207792207792205,8.560014999999968,8.48425948051951,0.4675324675324675,0.03221012987015373,0.538961038961039,0.689493701298695,0.4805194805194805,0.016085129870140456,0.577922077922078,-2.2631846753246605,0.5071428571428571
DISCOVERY,65,LOWER_WICK_REJECTION,392,391,99.74489795918367,0.5473145780051151,8.69995583120204,9.356767851662411,0.47058823529411764,0.13598214833761058,0.4782608695652174,0.35213989769822884,0.4936061381074169,0.31699263427111746,0.49872122762148335,-0.27407156010229794,0.4859335038363171
VALIDATION,65,LOWER_WICK_REJECTION,172,172,100.0,0.5174418604651163,8.664252034883702,8.390156860465135,0.47674418604651164,0.10552029069767847,0.5465116279069767,0.49071563953486136,0.4941860465116279,-0.2234597674418616,0.5813953488372093,-1.8735462209302294,0.5168604651162791
DISCOVERY,65,EXTREME_RANGE,392,261,66.58163265306122,0.14559386973180077,8.42621429118773,8.16410111111112,0.48659003831417624,-0.361075478927185,0.5019157088122606,-0.24839816091951092,0.5057471264367817,-0.31322210727967975,0.5019157088122606,-0.40380659003829533,0.5003831417624522
VALIDATION,65,EXTREME_RANGE,172,117,68.02325581395348,0.1794871794871795,7.778607094017062,8.90540598290599,0.4358974358974359,0.6525607692307632,0.5299145299145299,0.996462222222207,0.48717948717948717,0.6400911965812024,0.5897435897435898,-1.3912421367521324,0.502991452991453
DISCOVERY,65,REVERSAL_HEAVY,392,368,93.87755102040816,0.5,8.751359809782606,9.580744021739136,0.4673913043478261,0.2442255163043584,0.47282608695652173,0.49468589673915014,0.4891304347826087,0.41631233695654185,0.4891304347826087,-0.16494372282608455,0.4807065217391305
VALIDATION,65,REVERSAL_HEAVY,172,156,90.69767441860465,0.4230769230769231,8.773641858974344,8.340299551282069,0.4807692307692308,-0.024783012820505927,0.5384615384615384,0.5147098076922819,0.5,-0.5192036538461392,0.5897435897435898,-1.9309716666666645,0.5192307692307693
DISCOVERY,65,ANY_EXHAUSTION,392,225,57.39795918367347,0.0,8.445116311111109,7.879804177777783,0.48444444444444446,-0.23860657777777103,0.5111111111111111,-0.33368911111108296,0.5155555555555555,-0.7766094222222111,0.5155555555555555,-1.2171085333333171,0.5082222222222222
VALIDATION,65,ANY_EXHAUSTION,172,96,55.81395348837209,0.0,7.814481041666634,8.913450833333352,0.4270833333333333,0.4233813541666791,0.5104166666666666,1.239270520833325,0.4791666666666667,0.5396410416666887,0.6041666666666666,-1.986742187499999,0.4953125
DISCOVERY,65,TWO_PLUS_EXHAUSTION,392,344,87.75510204081633,0.34593023255813954,8.402436831395331,8.94317959302327,0.48546511627906974,-0.0880593895348638,0.48546511627906974,0.18614319767444548,0.4883720930232558,0.29435531976746143,0.49127906976744184,-0.23904340116277664,0.4875
VALIDATION,65,TWO_PLUS_EXHAUSTION,172,159,92.44186046511628,0.39622641509433965,8.531987044025128,8.495578176100649,0.4716981132075472,0.11729383647800103,0.5408805031446541,0.6269797484276596,0.49056603773584906,-0.10690849056602088,0.5786163522012578,-1.8840261006289152,0.5125786163522013
DISCOVERY,70,NONE,285,285,100.0,0.5052631578947369,8.412900736842088,9.632871017543872,0.4666666666666667,0.3656473684210684,0.4807017543859649,0.7651749473684536,0.47719298245614034,0.6686207719298437,0.4982456140350877,-0.13627971929823743,0.4791228070175439
VALIDATION,70,NONE,120,120,100.0,0.5333333333333333,9.473867666666646,7.824569166666682,0.5166666666666667,-0.505834583333323,0.5916666666666667,-0.11921825000002476,0.5083333333333333,-0.9416432499999853,0.6166666666666667,-2.681522916666639,0.5470833333333334
DISCOVERY,70,CLOSE_SUPPORT,285,253,88.7719298245614,0.34782608695652173,8.110592569169937,9.160072173913061,0.4901185770750988,0.027357944664054085,0.49407114624505927,0.580562766798455,0.48221343873517786,0.5659420158102976,0.5019762845849802,-0.3843231225296312,0.48972332015810277
VALIDATION,70,CLOSE_SUPPORT,120,115,95.83333333333333,0.4782608695652174,9.320881304347788,7.888983391304369,0.5043478260869565,-0.41921182608693136,0.5826086956521739,0.014963652173909119,0.4956521739130435,-0.8163219130434458,0.6086956521739131,-2.929519391304308,0.5360869565217392
DISCOVERY,70,LOWER_WICK_REJECTION,285,285,100.0,0.5052631578947369,8.412900736842088,9.632871017543872,0.4666666666666667,0.3656473684210684,0.4807017543859649,0.7651749473684536,0.47719298245614034,0.6686207719298437,0.4982456140350877,-0.13627971929823743,0.4791228070175439
VALIDATION,70,LOWER_WICK_REJECTION,120,120,100.0,0.5333333333333333,9.473867666666646,7.824569166666682,0.5166666666666667,-0.505834583333323,0.5916666666666667,-0.11921825000002476,0.5083333333333333,-0.9416432499999853,0.6166666666666667,-2.681522916666639,0.5470833333333334
DISCOVERY,70,EXTREME_RANGE,285,186,65.26315789473684,0.10215053763440861,7.929723763440844,8.401033655913995,0.4731182795698925,-0.09420983870965453,0.5,0.22157182795702832,0.489247311827957,0.05095913978495338,0.489247311827957,0.02350747311830155,0.48870967741935484
VALIDATION,70,EXTREME_RANGE,120,73,60.833333333333336,0.1095890410958904,8.425859726027353,8.442746575342476,0.4657534246575342,0.07162616438356602,0.589041095890411,0.4894679452054832,0.4931506849315068,0.26608438356167535,0.6301369863013698,-1.8832443835616102,0.5321917808219178
DISCOVERY,70,REVERSAL_HEAVY,285,272,95.43859649122807,0.4742647058823529,8.498077536764695,9.647632500000006,0.4632352941176471,0.4551411029411855,0.48161764705882354,0.7530187500000305,0.48161764705882354,0.5163808088235472,0.5036764705882353,-0.44272025735293474,0.48125000000000007
VALIDATION,70,REVERSAL_HEAVY,120,108,90.0,0.4351851851851852,9.72723055555553,7.713242037037053,0.5370370370370371,-0.8333544444444249,0.5925925925925926,-0.21830592592595235,0.5185185185185185,-1.3433205555555239,0.6296296296296297,-2.8496412962962645,0.5574074074074074
DISCOVERY,70,ANY_EXHAUSTION,285,167,58.59649122807018,0.0,7.956402754491014,8.016493592814381,0.47904191616766467,-0.0294525149700479,0.5149700598802395,0.12196664670662488,0.5089820359281437,-0.5464246107784413,0.5089820359281437,-0.692565568862264,0.5044910179640718
VALIDATION,70,ANY_EXHAUSTION,120,65,54.166666666666664,0.0,8.4891064615384,8.465099538461562,0.46153846153846156,-0.1065781538461334,0.5692307692307692,0.5147647692307845,0.47692307692307695,0.1530976923077525,0.6307692307692307,-1.784617538461498,0.52
DISCOVERY,70,TWO_PLUS_EXHAUSTION,285,259,90.87719298245614,0.3552123552123552,8.154400231660206,9.344107683397699,0.4826254826254826,0.05369104247106529,0.4864864864864865,0.5964191119691469,0.4749034749034749,0.7483138996139217,0.4942084942084942,-0.22696177606175716,0.4822393822393823
VALIDATION,70,TWO_PLUS_EXHAUSTION,120,111,92.5,0.4144144144144144,9.44931504504501,7.814450090090103,0.5225225225225225,-0.5887855855855607,0.5945945945945946,-0.04755477477478429,0.5135135135135135,-1.0494201801801464,0.6216216216216216,-3.1022517117116712,0.5518018018018018
DISCOVERY,75,NONE,178,178,100.0,0.47191011235955055,8.450978483146034,9.694996966292173,0.4943820224719101,0.2495966853932765,0.48314606741573035,0.5934908988764737,0.47191011235955055,0.723875393258452,0.47752808988764045,-0.024692528089854327,0.48005617977528087
VALIDATION,75,NONE,78,78,100.0,0.5512820512820513,9.685747051281979,7.074440256410316,0.5128205128205128,-0.8830125641025123,0.6282051282051282,-1.1765257692307574,0.5256410256410257,-1.9398429487178896,0.6538461538461539,-5.313784999999953,0.5679487179487179
DISCOVERY,75,CLOSE_SUPPORT,178,165,92.69662921348315,0.37575757575757573,7.930803515151483,9.65278909090912,0.503030303030303,0.27081169696971163,0.47878787878787876,0.7470198787879451,0.4666666666666667,1.1701740000000207,0.47878787878787876,0.3235675757576053,0.47878787878787876
VALIDATION,75,CLOSE_SUPPORT,78,76,97.43589743589743,0.5131578947368421,9.538386447368339,7.142872894736899,0.5,-0.6764692105262647,0.618421052631579,-1.0384110526315573,0.5131578947368421,-1.9569326315788778,0.6447368421052632,-5.346579736842052,0.5565789473684211
DISCOVERY,75,LOWER_WICK_REJECTION,178,178,100.0,0.47191011235955055,8.450978483146034,9.694996966292173,0.4943820224719101,0.2495966853932765,0.48314606741573035,0.5934908988764737,0.47191011235955055,0.723875393258452,0.47752808988764045,-0.024692528089854327,0.48005617977528087
VALIDATION,75,LOWER_WICK_REJECTION,78,78,100.0,0.5512820512820513,9.685747051281979,7.074440256410316,0.5128205128205128,-0.8830125641025123,0.6282051282051282,-1.1765257692307574,0.5256410256410257,-1.9398429487178896,0.6538461538461539,-5.313784999999953,0.5679487179487179
DISCOVERY,75,EXTREME_RANGE,178,113,63.48314606741573,0.07964601769911504,7.109788141592906,8.622597433628346,0.4778761061946903,0.3082320353982527,0.4778761061946903,0.8232402654867994,0.45132743362831856,0.7597320353982315,0.4336283185840708,1.126729203539868,0.4606194690265487
VALIDATION,75,EXTREME_RANGE,78,44,56.41025641025641,0.09090909090909091,8.459901136363525,7.276207500000075,0.45454545454545453,-0.37810090909089344,0.6363636363636364,-0.967646590909019,0.5,-1.2380131818180913,0.6590909090909091,-4.469627045454465,0.5488636363636363
DISCOVERY,75,REVERSAL_HEAVY,178,172,96.62921348314607,0.4476744186046512,8.442577674418581,9.889930232558175,0.48255813953488375,0.36520680232559316,0.47674418604651164,0.6548215116279734,0.47093023255813954,0.8405641860465308,0.48255813953488375,-0.12902377906973841,0.47645348837209306
VALIDATION,75,REVERSAL_HEAVY,78,71,91.02564102564102,0.4647887323943662,9.880068309859075,6.819177464788802,0.5352112676056338,-1.2735825352112033,0.6338028169014085,-1.3137970422534968,0.5352112676056338,-2.4579128169013313,0.676056338028169,-5.8027252112675525,0.5809859154929577
DISCOVERY,75,ANY_EXHAUSTION,178,104,58.42696629213483,0.0,7.129964903846162,8.703190096153863,0.47115384615384615,0.37343240384616105,0.4807692307692308,0.6872740384616105,0.46153846153846156,0.6754344230769045,0.46153846153846156,0.7454110576923347,0.46826923076923077
VALIDATION,75,ANY_EXHAUSTION,78,40,51.282051282051285,0.0,8.894225249999886,6.785079000000087,0.475,-0.8557912499999702,0.65,-1.3659424999999146,0.5,-1.9544637499998998,0.675,-4.711702749999927,0.5587500000000001
DISCOVERY,75,TWO_PLUS_EXHAUSTION,178,168,94.38202247191012,0.38095238095238093,7.847151666666631,9.7457766666667,0.49404761904761907,0.35157464285716095,0.47023809523809523,0.903546726190541,0.4583333333333333,1.3357766071428832,0.4642857142857143,0.5082707142857511,0.4693452380952381
VALIDATION,75,TWO_PLUS_EXHAUSTION,78,73,93.58974358974359,0.4520547945205479,9.416172465753334,7.177583150684992,0.5068493150684932,-0.7584360273972067,0.6164383561643836,-0.9365557534246276,0.5205479452054794,-2.030479041095806,0.6575342465753424,-5.644572602739659,0.5623287671232877
