utc_hour,session_utc,candles,avg_range,avg_range_atr,large_move_rate,avg_sell_accel,bearish_candidate_rate,avg_forward_60m
0,ASIA_00_07,628,6.930742181528661,1.4467448706366421,0.482484076433121,-0.22262671019108335,0.2070063694267516,-0.3638087245223273
1,ASIA_00_07,626,8.481851562300339,1.3123684666864264,0.3913738019169329,-0.6516583774760611,0.19488817891373802,-1.356081790734796
2,ASIA_00_07,625,6.39808964799998,0.9722453130140175,0.1264,-0.26587646400001685,0.192,-0.8815791199999999
3,ASIA_00_07,625,4.909756607999976,0.7987246773783186,0.0384,-0.08681732960001537,0.224,-0.35260392000001595
4,ASIA_00_07,628,4.204289273885344,0.7917213545780027,0.042993630573248405,-0.11106825636944627,0.2197452229299363,-0.22036583333333917
5,ASIA_00_07,623,6.157406969502374,1.1242469404929694,0.2504012841091493,-0.35404500802565236,0.18780096308186195,1.4086944783306605
6,ASIA_00_07,624,5.970757596153846,1.0820898703382806,0.23076923076923078,-0.17735939583329824,0.1891025641025641,0.35156671474359624
7,EUROPE_07_12,624,5.546481506410245,1.0081277228258227,0.15224358974358973,-0.09284770833334022,0.2419871794871795,-0.7389153365384643
8,EUROPE_07_12,624,5.625714503205105,0.9620787248471001,0.11538461538461539,-0.1972952083333002,0.21474358974358973,-0.9839033814102545
9,EUROPE_07_12,624,4.914326971153834,0.9208361609291581,0.09455128205128205,0.10355461538463318,0.23397435897435898,0.5427030128205111
10,EUROPE_07_12,624,4.9324256410256275,0.9423554349664932,0.11698717948717949,-0.05566336538458854,0.20032051282051283,0.8885104326923167
11,EUROPE_07_12,624,5.511408621794863,1.0533553165653287,0.1907051282051282,0.025569807692332275,0.21794871794871795,0.41516788461537035
12,EU_US_12_17,624,8.854193317307692,1.3535952758539582,0.3782051282051282,-0.45692166666663725,0.20993589743589744,0.3428048717948764
13,EU_US_12_17,624,9.655255160256408,1.2707628964264754,0.36698717948717946,-0.3222232371794998,0.19391025641025642,0.012390288461546106
14,EU_US_12_17,624,9.061169374999997,1.069429005507481,0.1955128205128205,-0.4475997435897348,0.1842948717948718,-0.37526270833332337
15,EU_US_12_17,624,7.135344006410267,0.8608288413226262,0.07852564102564102,-0.010289951923094046,0.20352564102564102,-0.9169019070512846
16,EU_US_12_17,624,5.677843237179492,0.7840992291630327,0.041666666666666664,-0.14949668269232738,0.1907051282051282,0.16071841346152965
17,US_LATE_17_22,624,5.118621923076909,0.8257867226245901,0.04326923076923077,-0.03187562499998109,0.22596153846153846,-0.8248683974358985
18,US_LATE_17_22,624,5.508392740384633,0.9410601585657596,0.11217948717948718,-0.4218458333333399,0.1762820512820513,-1.0019313461538526
19,US_LATE_17_22,624,4.912491195512835,0.9548838831522233,0.1362179487179487,-0.13832817307690212,0.20192307692307693,-0.7932694871794741
20,US_LATE_17_22,624,3.346809391025614,0.8175966587433404,0.08653846153846154,-0.26017366987181845,0.16666666666666666,-0.13161456730770008
21,US_LATE_17_22,624,0.9582974519230542,0.5891829310419955,0.08012820512820513,-0.1749568108973825,0.14262820512820512,1.254967532051288
22,LATE_22_24,625,5.392948688000006,1.5788705050882323,0.3792,-0.7097134240000145,0.1776,0.33867902400000605
23,LATE_22_24,628,4.668407770700617,1.2170290109069632,0.3980891719745223,-0.20639660828022258,0.22611464968152867,0.0999228662420457
