block,threshold,start,end,complete_m15,bearish_candidates,signals,kept_pct,avg_score,avg_mfe_60m,avg_mae_60m,success_15m,avg_forward_15m,success_30m,avg_forward_30m,success_60m,avg_forward_60m,success_120m,avg_forward_120m,continuation_metric
1,60,2026-05-03 06:45:00+00:00,2026-05-29 05:00:00+00:00,2490,525,124,23.61904761904762,72.99731568199557,8.27229943548384,10.49528620967743,0.41935483870967744,0.9068708870967928,0.4112903225806452,1.3212132258064568,0.45161290322580644,1.1878142741935747,0.4838709677419355,1.211825483870994,0.4399193548387097
1,65,2026-05-03 06:45:00+00:00,2026-05-29 05:00:00+00:00,2490,525,101,19.238095238095237,75.47828055940359,8.82365306930689,9.983852376237643,0.42574257425742573,0.5920208910891341,0.44554455445544555,0.8156217821782289,0.4752475247524752,-0.05154742574253904,0.5148514851485149,-0.06086049504947278,0.4638613861386139
1,70,2026-05-03 06:45:00+00:00,2026-05-29 05:00:00+00:00,2490,525,74,14.095238095238095,78.27283905959007,8.832952702702617,10.591525675675724,0.3918918918918919,0.5850167567567877,0.44594594594594594,1.3332183783784393,0.4594594594594595,0.22804121621627288,0.527027027027027,-0.480821486486437,0.4527027027027027
1,75,2026-05-03 06:45:00+00:00,2026-05-29 05:00:00+00:00,2490,525,46,8.761904761904763,82.11387846424842,7.862352173912966,11.533852608695744,0.34782608695652173,1.7770734782608957,0.43478260869565216,2.8579780434783375,0.4782608695652174,1.5847291304348405,0.4782608695652174,0.8751143478261838,0.44130434782608696
2,60,2026-05-29 07:15:00+00:00,2026-06-24 05:45:00+00:00,2491,533,113,21.20075046904315,70.58665307631675,10.944035132743332,9.179682212389409,0.4778761061946903,0.23043716814163417,0.5132743362831859,-0.62992752212387,0.504424778761062,-1.2088894690265095,0.5486725663716814,-3.663512123893805,0.5079646017699115
2,65,2026-05-29 07:15:00+00:00,2026-06-24 05:45:00+00:00,2491,533,81,15.196998123827392,73.85094426238723,10.884490987654306,9.685966172839516,0.5061728395061729,-0.3547465432098469,0.48148148148148145,-0.10730814814812703,0.5061728395061729,-1.3335322222221777,0.5308641975308642,-2.5628413580247082,0.5037037037037038
2,70,2026-05-29 07:15:00+00:00,2026-06-24 05:45:00+00:00,2491,533,55,10.318949343339588,76.87833136497514,11.821950909090885,9.702279999999998,0.5636363636363636,-0.17780745454542327,0.5272727272727272,-1.2105216363636166,0.5636363636363636,-2.2588672727272505,0.5818181818181818,-5.120276181818189,0.5572727272727273
2,75,2026-05-29 07:15:00+00:00,2026-06-24 05:45:00+00:00,2491,533,31,5.816135084427767,80.65661578407494,13.313708064516035,9.563974193548392,0.6451612903225806,-2.2119554838708786,0.5806451612903226,-3.7083719354837856,0.6451612903225806,-3.89889677419352,0.6129032258064516,-9.305172903225778,0.6241935483870967
3,60,2026-06-24 08:00:00+00:00,2026-07-20 06:15:00+00:00,2490,486,115,23.662551440329217,71.42839599534568,9.205005130434802,8.953277999999997,0.5043478260869565,0.3315305217391142,0.5217391304347826,-0.17580078260870047,0.5043478260869565,-0.10155339130436045,0.5217391304347826,-0.9820846956521762,0.5113043478260869
3,65,2026-06-24 08:00:00+00:00,2026-07-20 06:15:00+00:00,2490,486,80,16.46090534979424,75.2833725688345,8.745196625000029,9.49213199999998,0.4875,0.3769818749999672,0.525,-0.06123637500000996,0.5125,0.9339279999999747,0.5625,-0.4375678750000134,0.518125
3,70,2026-06-24 08:00:00+00:00,2026-07-20 06:15:00+00:00,2490,486,58,11.934156378600823,78.19130944198425,8.40478603448279,8.689413620689633,0.4827586206896552,0.9045744827586093,0.5517241379310345,0.4854891379310206,0.5517241379310345,-0.2724593103448491,0.5689655172413793,-0.7258217241379216,0.5405172413793103
3,75,2026-06-24 08:00:00+00:00,2026-07-20 06:15:00+00:00,2490,486,37,7.613168724279835,81.52474174437776,8.456281081081093,7.052046216216215,0.5675675675675675,0.5889543243243262,0.5675675675675675,-0.2545443243242934,0.5675675675675675,-1.5464862162162298,0.5675675675675675,-1.0487799999999805,0.5675675675675675
4,60,2026-07-20 08:30:00+00:00,2026-08-15 07:00:00+00:00,2491,486,135,27.77777777777778,72.70595206057293,6.871704296296263,8.36044777777781,0.4888888888888889,-0.149525999999979,0.43703703703703706,1.0659582222222728,0.5037037037037037,1.4890202222222662,0.43703703703703706,0.8049977777778083,0.4740740740740741
4,65,2026-07-20 08:30:00+00:00,2026-08-15 07:00:00+00:00,2491,486,110,22.633744855967077,75.03647186754598,7.226571181818157,8.288302727272768,0.4909090909090909,-0.249243727272704,0.45454545454545453,0.7379570909091357,0.5,1.1343700000000272,0.43636363636363634,0.2232305454545729,0.4772727272727273
4,70,2026-07-20 08:30:00+00:00,2026-08-15 07:00:00+00:00,2491,486,83,17.078189300411523,77.46029561372293,6.210322891566243,8.858875301204868,0.46987951807228917,-0.01705674698793799,0.42168674698795183,1.5111556626506588,0.42168674698795183,2.763297951807265,0.42168674698795183,1.5942948192771136,0.4313253012048193
4,75,2026-07-20 08:30:00+00:00,2026-08-15 07:00:00+00:00,2491,486,51,10.493827160493828,80.76735099967686,6.6161890196077975,9.150399607843227,0.5098039215686274,-0.18523098039217895,0.4117647058823529,1.251364509804012,0.35294117647058826,3.0921288235294746,0.39215686274509803,2.060371372549053,0.40490196078431373
5,60,2026-08-15 09:15:00+00:00,2026-09-10 09:45:00+00:00,2490,492,132,26.829268292682926,72.28722384224622,8.454867803030318,9.048628863636354,0.4621212121212121,0.1721576515151562,0.5454545454545454,0.4068968939393678,0.5075757575757576,0.2878357575757491,0.48484848484848486,0.8616686363636056,0.5045454545454545
5,65,2026-08-15 09:15:00+00:00,2026-09-10 09:45:00+00:00,2490,492,98,19.91869918699187,75.67868292953199,8.388581734693858,9.08784306122447,0.47959183673469385,0.23270938775513803,0.5816326530612245,0.5696013265305737,0.5,0.467900408163234,0.5,0.2805762244897593,0.5163265306122449
5,70,2026-08-15 09:15:00+00:00,2026-09-10 09:45:00+00:00,2490,492,70,14.227642276422765,79.08667181197443,9.177335714285709,8.526595857142794,0.5142857142857142,-0.29986671428567724,0.6,0.04311299999992895,0.5,-0.33625071428572745,0.4714285714285714,0.6987894285713862,0.5235714285714286
5,75,2026-08-15 09:15:00+00:00,2026-09-10 09:45:00+00:00,2490,492,51,10.365853658536585,81.49041969850398,8.923569215686275,9.057797450980383,0.47058823529411764,-0.16552529411759073,0.5490196078431373,0.2092735294117137,0.45098039215686275,0.5649127450980065,0.43137254901960786,1.657332549019563,0.47647058823529415
6,60,2026-09-10 12:00:00+00:00,2026-10-06 12:30:00+00:00,2499,483,115,23.80952380952381,72.0798329980488,8.824262173913066,8.168188260869568,0.43478260869565216,0.35737947826085514,0.5304347826086957,0.024756173913034297,0.46956521739130436,-0.40975582608694505,0.6,-1.4674000869565291,0.4973913043478261
6,65,2026-09-10 12:00:00+00:00,2026-10-06 12:30:00+00:00,2499,483,92,19.047619047619047,74.3517015530495,8.690380000000015,8.18468913043481,0.44565217391304346,0.2052753260869375,0.5217391304347826,0.39464380434782986,0.4782608695652174,-0.3207385869564939,0.6195652173913043,-2.047994456521713,0.503804347826087
6,70,2026-09-10 12:00:00+00:00,2026-10-06 12:30:00+00:00,2499,483,64,13.250517598343686,77.50667613869479,9.106797187500007,8.104160468750052,0.484375,-0.28654890625001883,0.578125,0.17846406250002644,0.46875,-0.09927937499998052,0.671875,-2.6889024999999265,0.5296875
6,75,2026-09-10 12:00:00+00:00,2026-10-06 12:30:00+00:00,2499,483,39,8.074534161490684,81.0490132098801,9.678130769230684,6.379846153846231,0.5128205128205128,-1.0205635897435479,0.6923076923076923,-1.8301228205127233,0.5384615384615384,-2.693372307692185,0.7948717948717948,-7.973913846153734,0.6102564102564103
