persistence_mode,strength_min,bearish_candidates,signals,signals_kept_pct,avg_late_two_bearish_strength,avg_efficiency,avg_reversals,avg_sell_mfe_60m,avg_sell_mae_60m,success_rate_15m,avg_forward_15m,success_rate_30m,avg_forward_30m,success_rate_60m,avg_forward_60m,success_rate_120m,avg_forward_120m,discovery_score
SEG3,0.0,2127,2020,94.96944052656323,3.2829294504950295,0.22465094758088958,7.562376237623762,6.296589336633653,6.167351955445556,0.3900990099009901,0.04948826732672932,0.3465346534653465,0.003913455445551633,0.453960396039604,-0.1552040544554376,0.4311881188118812,-0.3871157277227779,0.41091584158415845
SEG3,0.5,2127,1262,59.33239304184297,5.335709778129933,0.3308005061361979,5.718700475435816,8.85054640253566,8.692519659271001,0.4746434231378764,0.08490214738509438,0.4889064976228209,-0.029700372424719835,0.49445324881141045,-0.10974672741679097,0.5039619651347068,-0.4703811172741701,0.4905309033280507
SEG3,1.0,2127,1202,56.511518570756934,5.564583286189673,0.340358186829151,5.697171381031614,8.923126056572379,8.79016951747089,0.4733777038269551,0.09082584026621554,0.4875207986688852,-0.023564725457564176,0.49168053244592347,-0.07355406821962415,0.5,-0.34208029118136113,0.48822795341098174
SEG3,1.5,2127,1122,52.750352609308884,5.871317941176466,0.35067802211123944,5.650623885918003,8.911878235294116,8.91625272727274,0.47237076648841353,0.12583476827094248,0.4839572192513369,0.06547408199644443,0.48841354723707664,0.11170594474154504,0.5,-0.27313215686274017,0.4858288770053476
SEG3,2.0,2127,1031,48.47202632816173,6.233160717749755,0.36379016151896976,5.6081474296799225,9.035714064015517,8.96820733268672,0.472356935014549,0.13700476236663384,0.4859359844810863,0.08944484966053905,0.48496605237633367,0.12052810863240791,0.49466537342386036,-0.12657736178466714,0.4841416100872939
SEG3,3.0,2127,841,39.53925716972262,7.076167502972652,0.39239137296167476,5.470868014268728,9.300997693222355,9.318725160523199,0.47205707491082044,0.1683785255648036,0.4827586206896552,0.1331929488704106,0.4863258026159334,0.2603670511296202,0.4863258026159334,-0.10370068965516616,0.4825802615933413
SEG3,4.0,2127,677,31.828866948754115,7.939778197932054,0.4146959958450048,5.3707533234859675,9.728119807976364,9.873112082717887,0.4608567208271787,0.2037588035450547,0.48301329394387,0.21953760709012765,0.47858197932053176,0.35294580502217654,0.48301329394387,-0.11757282127030116,0.47680945347119646
SEG3,5.0,2127,521,24.494593323930417,8.975510671785038,0.440720291467445,5.278310940499041,10.146766353166985,10.694077389635325,0.45681381957773515,0.2768304990403087,0.46449136276391556,0.4390677735124896,0.46257197696737046,0.7616095009597068,0.46833013435700577,0.47823017274472013,0.46276391554702495
SEG2_SEG3,0.0,2127,1051,49.41231781852374,5.4539604186488875,0.3212375071629462,6.4043767840152235,7.671495699333971,7.691365737392964,0.5233111322549953,0.10393465271169947,0.42055185537583256,0.12699691722170778,0.4300666032350143,0.09206538534729759,0.44814462416745954,-0.5491962131303493,0.44904852521408184
SEG2_SEG3,0.5,2127,914,42.97132110954396,6.265408358862125,0.36661704948409596,5.6761487964989055,8.765656597374187,8.719814190371993,0.47702407002188185,0.10337588621443514,0.4814004376367615,0.11674281181620093,0.49015317286652077,0.07405926695842684,0.5065645514223195,-0.5813133041575499,0.487800875273523
SEG2_SEG3,1.0,2127,902,42.407146215326755,6.338973725055417,0.36896436669610894,5.664079822616408,8.798244678492246,8.767500964523284,0.47671840354767187,0.10345421286030398,0.48004434589800443,0.11417975609757143,0.4878048780487805,0.09700043237251041,0.5044345898004434,-0.5383411197339231,0.48614190687361425
SEG2_SEG3,1.5,2127,872,40.99670897978373,6.512481215596319,0.37476493609119377,5.625,8.838097282110098,8.883530458715603,0.47706422018348627,0.12912663990825116,0.47477064220183485,0.16779168577982811,0.48509174311926606,0.17197709862385854,0.5022935779816514,-0.5073170642201827,0.4834862385321101
SEG2_SEG3,2.0,2127,829,38.97508227550541,6.757659734620014,0.38354607945652114,5.575392038600723,8.930457370325701,8.895183570566951,0.4764776839565742,0.1084053799758688,0.4764776839565742,0.1821016525935004,0.48492159227985526,0.13890377563329798,0.4969843184559711,-0.3485238962605547,0.48293124246079616
SEG2_SEG3,3.0,2127,715,33.61542078044194,7.434988041958041,0.40671979715600143,5.437762237762238,9.19303012587413,9.283562447552455,0.47412587412587415,0.1600978461538422,0.4811188811188811,0.18445057342658885,0.48671328671328673,0.2861758321678439,0.48671328671328673,-0.2462575664335647,0.48279720279720284
SEG2_SEG3,4.0,2127,598,28.114715561824166,8.200196505016724,0.428400178960897,5.339464882943144,9.598174615384615,9.83394324414717,0.46153846153846156,0.24612764214047134,0.4765886287625418,0.31958408026757995,0.479933110367893,0.36773215719065405,0.4866220735785953,-0.3720617725752449,0.4764214046822743
SEG2_SEG3,5.0,2127,479,22.519981194170192,9.122527703549059,0.4467356678562777,5.237995824634655,10.099042359081425,10.615443549060542,0.4592901878914405,0.3354501461377796,0.4697286012526096,0.43056459290188753,0.4613778705636743,0.7778011691023043,0.46346555323590816,0.4441668893528146,0.4633611691022964
