sample,h1_context,bearish_candidates,signals,kept_pct,success_15m,avg_forward_15m,success_30m,avg_forward_30m,success_60m,avg_forward_60m,success_120m,avg_forward_120m
DISCOVERY,ALL,2127,2127,100.0,0.3939821344616831,0.04518783732956845,0.3535496003761166,0.024384113775276526,0.458862247296662,-0.14347920075222576,0.43629525152797366,-0.39950474377057515
DISCOVERY,BEARISH,2127,515,24.212505876821815,0.41359223300970877,0.3373216893203683,0.3553398058252427,0.13265190291263423,0.42524271844660194,0.14243613592233248,0.4407766990291262,-0.6112499805825368
DISCOVERY,NEUTRAL,2127,1038,48.801128349788435,0.4046242774566474,-0.14721504816955913,0.36416184971098264,-0.22071776493256298,0.49421965317919075,-0.42201567437378934,0.43641618497109824,-0.6419081213872952
DISCOVERY,BULLISH,2127,573,26.939351198871652,0.35776614310645727,0.13110523560210252,0.3333333333333333,0.3708875916230488,0.42408376963350786,0.10387359511345141,0.4328097731239092,0.22922738219896188
VALIDATION,ALL,882,882,100.0,0.3854875283446712,0.2121476870748519,0.3526077097505669,0.2762891713961446,0.4546485260770975,0.09776312145290919,0.42517006802721086,-0.17403272417706642
VALIDATION,BEARISH,882,230,26.077097505668934,0.4260869565217391,0.3425960869565998,0.34782608695652173,0.22667808695653982,0.4608695652173913,-0.38850773913041137,0.391304347826087,0.31727182608698135
VALIDATION,NEUTRAL,882,448,50.79365079365079,0.3482142857142857,0.2043060491071478,0.328125,0.28345209821428136,0.44642857142857145,0.5703691071428665,0.4174107142857143,0.5692211383928623
VALIDATION,BULLISH,882,204,23.12925170068027,0.4215686274509804,0.08229436274509414,0.4117647058823529,0.3166909359605969,0.46568627450980393,-0.3942821182265841,0.4803921568627451,-2.370967586206914
ALL,ALL,3010,3010,100.0,0.39136212624584715,0.09415270099668178,0.353156146179402,0.10347284479894203,0.4574750830564784,-0.0679130209371788,0.432890365448505,-0.323930697906284
ALL,BEARISH,3010,746,24.78405315614618,0.4168900804289544,0.3387246782841935,0.35254691689008044,0.18301033512065792,0.435656836461126,-0.001744638069695994,0.4249329758713137,-0.2861384316353891
ALL,NEUTRAL,3010,1486,49.3687707641196,0.3876177658142665,-0.04123829744279956,0.3532974427994616,-0.06872039030955741,0.4798115746971736,-0.12283102960968313,0.4306864064602961,-0.2767762853297511
ALL,BULLISH,3010,777,25.813953488372093,0.3745173745173745,0.11829002574003082,0.3539253539253539,0.3567098582474332,0.435006435006435,-0.026442912371119738,0.4453024453024453,-0.45097826030927624
