sample,min_stop_atr,max_stop_atr,buffer_atr,target_rr,qualified_signals,accepted,rejected_geometry,acceptance_pct,wins,losses,ambiguous,unresolved,decided_win_rate_pct,avg_stop_usd,median_stop_usd,avg_tp_usd,median_tp_usd
DISCOVERY,0.75,1.5,0.15,1.25,361,8,353,2.21606648199446,1,2,0,5,33.333333333333336,12.805797941964212,12.477589892857162,16.007247427455265,15.596987366071453
DISCOVERY,0.75,1.5,0.15,1.5,361,8,353,2.21606648199446,1,2,0,5,33.333333333333336,12.805797941964212,12.477589892857162,19.208696912946316,18.716384839285745
DISCOVERY,0.75,1.5,0.15,1.75,361,8,353,2.21606648199446,1,2,0,5,33.333333333333336,12.805797941964212,12.477589892857162,22.41014639843737,21.835782312500037
DISCOVERY,0.75,1.5,0.15,2.0,361,8,353,2.21606648199446,1,2,0,5,33.333333333333336,12.805797941964212,12.477589892857162,25.611595883928423,24.955179785714325
DISCOVERY,0.75,1.5,0.25,1.25,361,4,357,1.10803324099723,1,2,0,1,33.333333333333336,11.74063312499964,11.798287232142432,14.675791406249548,14.74785904017804
DISCOVERY,0.75,1.5,0.25,1.5,361,4,357,1.10803324099723,1,2,0,1,33.333333333333336,11.74063312499964,11.798287232142432,17.61094968749946,17.69743084821365
DISCOVERY,0.75,1.5,0.25,1.75,361,4,357,1.10803324099723,1,2,0,1,33.333333333333336,11.74063312499964,11.798287232142432,20.546107968749368,20.647002656249256
DISCOVERY,0.75,1.5,0.25,2.0,361,4,357,1.10803324099723,0,2,0,2,0.0,11.74063312499964,11.798287232142432,23.48126624999928,23.596574464284863
DISCOVERY,0.75,1.75,0.15,1.25,361,20,341,5.54016620498615,3,3,0,14,50.0,15.494645353571391,14.1055498035714,19.368306691964243,17.63193725446425
DISCOVERY,0.75,1.75,0.15,1.5,361,20,341,5.54016620498615,2,3,0,15,40.0,15.494645353571391,14.1055498035714,23.241968030357086,21.158324705357103
DISCOVERY,0.75,1.75,0.15,1.75,361,19,342,5.2631578947368425,1,2,0,16,33.333333333333336,15.487163800751839,14.01955142857178,27.10253665131572,24.534215000000614
DISCOVERY,0.75,1.75,0.15,2.0,361,18,343,4.986149584487535,1,2,0,15,33.333333333333336,14.813367928571402,13.910778053571242,29.626735857142805,27.821556107142484
DISCOVERY,0.75,1.75,0.25,1.25,361,14,347,3.8781163434903045,3,2,0,9,60.0,16.087938048469343,14.389769553571693,20.10992256058668,17.987211941964617
DISCOVERY,0.75,1.75,0.25,1.5,361,14,347,3.8781163434903045,2,2,0,10,50.0,16.087938048469343,14.389769553571693,24.131907072704017,21.58465433035754
DISCOVERY,0.75,1.75,0.25,1.75,361,14,347,3.8781163434903045,1,2,0,11,33.333333333333336,16.087938048469343,14.389769553571693,28.153891584821356,25.182096718750465
DISCOVERY,0.75,1.75,0.25,2.0,361,14,347,3.8781163434903045,0,2,0,12,0.0,16.087938048469343,14.389769553571693,32.17587609693869,28.779539107143385
DISCOVERY,1.0,1.5,0.15,1.25,361,8,353,2.21606648199446,1,2,0,5,33.333333333333336,13.151248924107076,12.477589892857162,16.439061155133842,15.596987366071453
DISCOVERY,1.0,1.5,0.15,1.5,361,8,353,2.21606648199446,1,2,0,5,33.333333333333336,13.151248924107076,12.477589892857162,19.726873386160612,18.716384839285745
DISCOVERY,1.0,1.5,0.15,1.75,361,8,353,2.21606648199446,1,2,0,5,33.333333333333336,13.151248924107076,12.477589892857162,23.01468561718738,21.835782312500037
DISCOVERY,1.0,1.5,0.15,2.0,361,8,353,2.21606648199446,1,2,0,5,33.333333333333336,13.151248924107076,12.477589892857162,26.302497848214152,24.955179785714325
DISCOVERY,1.0,1.5,0.25,1.25,361,4,357,1.10803324099723,1,2,0,1,33.333333333333336,12.431535089285365,12.26583035714255,15.539418861606702,15.332287946428186
DISCOVERY,1.0,1.5,0.25,1.5,361,4,357,1.10803324099723,1,2,0,1,33.333333333333336,12.431535089285365,12.26583035714255,18.647302633928046,18.39874553571382
DISCOVERY,1.0,1.5,0.25,1.75,361,4,357,1.10803324099723,1,2,0,1,33.333333333333336,12.431535089285365,12.26583035714255,21.755186406249386,21.465203124999462
DISCOVERY,1.0,1.5,0.25,2.0,361,4,357,1.10803324099723,0,2,0,2,0.0,12.431535089285365,12.26583035714255,24.86307017857073,24.5316607142851
DISCOVERY,1.0,1.75,0.15,1.25,361,20,341,5.54016620498615,3,3,0,14,50.0,15.632825746428537,14.1055498035714,19.54103218303567,17.63193725446425
DISCOVERY,1.0,1.75,0.15,1.5,361,20,341,5.54016620498615,2,3,0,15,40.0,15.632825746428537,14.1055498035714,23.449238619642806,21.158324705357103
DISCOVERY,1.0,1.75,0.15,1.75,361,19,342,5.2631578947368425,1,2,0,16,33.333333333333336,15.632616845864623,14.01955142857178,27.357079480263092,24.534215000000614
DISCOVERY,1.0,1.75,0.15,2.0,361,18,343,4.986149584487535,1,2,0,15,33.333333333333336,14.966901698412677,13.910778053571242,29.933803396825354,27.821556107142484
DISCOVERY,1.0,1.75,0.25,1.25,361,14,347,3.8781163434903045,3,2,0,9,60.0,16.285338609693834,14.389769553571693,20.35667326211729,17.987211941964617
DISCOVERY,1.0,1.75,0.25,1.5,361,14,347,3.8781163434903045,2,2,0,10,50.0,16.285338609693834,14.389769553571693,24.428007914540753,21.58465433035754
DISCOVERY,1.0,1.75,0.25,1.75,361,14,347,3.8781163434903045,1,2,0,11,33.333333333333336,16.285338609693834,14.389769553571693,28.499342566964213,25.182096718750465
DISCOVERY,1.0,1.75,0.25,2.0,361,14,347,3.8781163434903045,0,2,0,12,0.0,16.285338609693834,14.389769553571693,32.57067721938767,28.779539107143385
VALIDATION,0.75,1.5,0.15,1.25,185,1,184,0.5405405405405406,0,1,0,0,0.0,10.412913642856935,10.412913642856935,13.01614205357117,13.01614205357117
VALIDATION,0.75,1.5,0.15,1.5,185,1,184,0.5405405405405406,0,1,0,0,0.0,10.412913642856935,10.412913642856935,15.619370464285403,15.619370464285403
VALIDATION,0.75,1.5,0.15,1.75,185,1,184,0.5405405405405406,0,1,0,0,0.0,10.412913642856935,10.412913642856935,18.222598874999637,18.222598874999637
VALIDATION,0.75,1.5,0.15,2.0,185,1,184,0.5405405405405406,0,1,0,0,0.0,10.412913642856935,10.412913642856935,20.82582728571387,20.82582728571387
VALIDATION,0.75,1.5,0.25,1.25,185,0,185,0.0,0,0,0,0,,,,,
VALIDATION,0.75,1.5,0.25,1.5,185,0,185,0.0,0,0,0,0,,,,,
VALIDATION,0.75,1.5,0.25,1.75,185,0,185,0.0,0,0,0,0,,,,,
VALIDATION,0.75,1.5,0.25,2.0,185,0,185,0.0,0,0,0,0,,,,,
VALIDATION,0.75,1.75,0.15,1.25,185,7,178,3.7837837837837838,1,2,0,4,33.333333333333336,14.423866500000003,13.896597178571433,18.029833125000003,17.37074647321429
VALIDATION,0.75,1.75,0.15,1.5,185,7,178,3.7837837837837838,0,2,0,5,0.0,14.423866500000003,13.896597178571433,21.63579975,20.84489576785715
VALIDATION,0.75,1.75,0.15,1.75,185,7,178,3.7837837837837838,0,2,0,5,0.0,14.423866500000003,13.896597178571433,25.241766375000005,24.31904506250001
VALIDATION,0.75,1.75,0.15,2.0,185,7,178,3.7837837837837838,0,2,0,5,0.0,14.423866500000003,13.896597178571433,28.847733000000005,27.793194357142866
VALIDATION,0.75,1.75,0.25,1.25,185,3,182,1.6216216216216217,0,0,0,3,,16.69521577380961,15.146964821428892,20.869019717262017,18.933706026786115
VALIDATION,0.75,1.75,0.25,1.5,185,3,182,1.6216216216216217,0,0,0,3,,16.69521577380961,15.146964821428892,25.04282366071442,22.720447232143336
VALIDATION,0.75,1.75,0.25,1.75,185,3,182,1.6216216216216217,0,0,0,3,,16.69521577380961,15.146964821428892,29.21662760416682,26.50718843750056
VALIDATION,0.75,1.75,0.25,2.0,185,2,183,1.0810810810810811,0,0,0,2,,17.46934124999997,17.46934124999997,34.93868249999994,34.93868249999994
VALIDATION,1.0,1.5,0.15,1.25,185,1,184,0.5405405405405406,0,1,0,0,0.0,10.412913642856935,10.412913642856935,13.01614205357117,13.01614205357117
VALIDATION,1.0,1.5,0.15,1.5,185,1,184,0.5405405405405406,0,1,0,0,0.0,10.412913642856935,10.412913642856935,15.619370464285403,15.619370464285403
VALIDATION,1.0,1.5,0.15,1.75,185,1,184,0.5405405405405406,0,1,0,0,0.0,10.412913642856935,10.412913642856935,18.222598874999637,18.222598874999637
VALIDATION,1.0,1.5,0.15,2.0,185,1,184,0.5405405405405406,0,1,0,0,0.0,10.412913642856935,10.412913642856935,20.82582728571387,20.82582728571387
VALIDATION,1.0,1.5,0.25,1.25,185,0,185,0.0,0,0,0,0,,,,,
VALIDATION,1.0,1.5,0.25,1.5,185,0,185,0.0,0,0,0,0,,,,,
VALIDATION,1.0,1.5,0.25,1.75,185,0,185,0.0,0,0,0,0,,,,,
VALIDATION,1.0,1.5,0.25,2.0,185,0,185,0.0,0,0,0,0,,,,,
VALIDATION,1.0,1.75,0.15,1.25,185,7,178,3.7837837837837838,1,2,0,4,33.333333333333336,14.423866500000003,13.896597178571433,18.029833125000003,17.37074647321429
VALIDATION,1.0,1.75,0.15,1.5,185,7,178,3.7837837837837838,0,2,0,5,0.0,14.423866500000003,13.896597178571433,21.63579975,20.84489576785715
VALIDATION,1.0,1.75,0.15,1.75,185,7,178,3.7837837837837838,0,2,0,5,0.0,14.423866500000003,13.896597178571433,25.241766375000005,24.31904506250001
VALIDATION,1.0,1.75,0.15,2.0,185,7,178,3.7837837837837838,0,2,0,5,0.0,14.423866500000003,13.896597178571433,28.847733000000005,27.793194357142866
VALIDATION,1.0,1.75,0.25,1.25,185,3,182,1.6216216216216217,0,0,0,3,,16.69521577380961,15.146964821428892,20.869019717262017,18.933706026786115
VALIDATION,1.0,1.75,0.25,1.5,185,3,182,1.6216216216216217,0,0,0,3,,16.69521577380961,15.146964821428892,25.04282366071442,22.720447232143336
VALIDATION,1.0,1.75,0.25,1.75,185,3,182,1.6216216216216217,0,0,0,3,,16.69521577380961,15.146964821428892,29.21662760416682,26.50718843750056
VALIDATION,1.0,1.75,0.25,2.0,185,2,183,1.0810810810810811,0,0,0,2,,17.46934124999997,17.46934124999997,34.93868249999994,34.93868249999994
