sample,rule,bearish_candidates,signals,signals_kept_pct,avg_efficiency,avg_reversals,avg_sell_mfe_60m,avg_sell_mae_60m,success_rate_15m,avg_forward_15m,success_rate_30m,avg_forward_30m,success_rate_60m,avg_forward_60m,success_rate_120m,avg_forward_120m
DISCOVERY,BASE,2125,2125,100.0,0.22107410189930424,7.506352941176471,6.420816903529402,6.2788886164705975,0.3943529411764706,0.04522295529411413,0.3538823529411765,0.03178150117647687,0.4588235294117647,-0.13669995294116896,0.43670588235294117,-0.38654770823530016
DISCOVERY,EFF_ONLY,2125,1252,58.917647058823526,0.35376184604576383,5.757188498402556,8.618252651757194,8.743304249201284,0.4728434504792332,0.1320472843450405,0.476038338658147,0.16359413738019501,0.4968051118210863,0.15723328274760878,0.505591054313099,-0.2369533067092695
DISCOVERY,REV_ONLY,2125,349,16.423529411764704,0.4005064294270976,3.4469914040114613,9.108401117478554,9.634583266475623,0.5100286532951289,-0.04262765042981,0.4899713467048711,0.2745432378223422,0.49283667621776506,0.5223630945558703,0.4871060171919771,0.44498936962748076
DISCOVERY,PERSIST_ONLY,2125,1052,49.50588235294118,0.32112174981605,6.403041825095057,7.670712300380232,7.7069667490494345,0.5228136882129277,0.10399825095056732,0.42015209125475284,0.14215568441066054,0.4296577946768061,0.10595189163499044,0.44771863117870725,-0.5217141349809854
DISCOVERY,EFF_REV,2125,307,14.447058823529412,0.4487952878843383,3.446254071661238,8.931392149837176,10.041249706840372,0.501628664495114,0.06224944625406731,0.4755700325732899,0.45750853420195464,0.4820846905537459,1.1665358631921796,0.4820846905537459,1.0614988599348296
DISCOVERY,EFF_PERSIST,2125,829,39.01176470588236,0.40062533042829185,5.6537997587454765,8.672465379975888,8.77417607961399,0.4825090470446321,0.12826623642942278,0.47406513872135103,0.19380657418577135,0.4897466827503016,0.21202863691194226,0.5054282267792521,-0.41841957780458616
DISCOVERY,REV_PERSIST,2125,222,10.447058823529412,0.48788469605224855,3.391891891891892,9.273794819819862,9.359057207207167,0.5135135135135135,-0.2531983333333526,0.4864864864864865,-0.11236873873874403,0.4954954954954955,0.5645720720720723,0.5135135135135135,-0.5141579729729979
DISCOVERY,ALL_3,2125,210,9.882352941176471,0.5132522678448918,3.395238095238095,9.246010428571472,9.476390571428526,0.5095238095238095,-0.19329795238097522,0.4857142857142857,-0.09664495238095176,0.5,0.6603450476190443,0.5142857142857142,-0.2525495238095508
VALIDATION,BASE,881,881,100.0,0.21187952706501903,7.662883087400681,5.857365073779762,5.950221162315538,0.38819523269012485,0.1886852667423607,0.35527809307604996,0.24307246311010564,0.45629965947786605,0.08765801362089971,0.42565266742338254,-0.22537546590908422
VALIDATION,EFF_ONLY,881,495,56.18615209988649,0.352433181485538,5.733333333333333,7.950739272727252,8.531365911111118,0.44646464646464645,0.4262714545454667,0.503030303030303,0.576555636363637,0.4888888888888889,0.37551101010103044,0.4888888888888889,-0.03524072727272546
VALIDATION,REV_ONLY,881,131,14.869466515323497,0.37260958693990726,3.564885496183206,9.427342748091608,8.156452595419825,0.48854961832061067,-0.17890450381678039,0.4961832061068702,0.5511604580152234,0.549618320610687,-1.6261365648854644,0.5572519083969466,-2.644653740458014
VALIDATION,PERSIST_ONLY,881,438,49.71623155505108,0.3108185478611598,6.404109589041096,7.128847990867556,7.485641223744295,0.502283105022831,0.42171079908677805,0.4292237442922374,0.6406001598173541,0.4200913242009132,0.3839893378995511,0.454337899543379,-0.20085666666665272
VALIDATION,EFF_REV,881,116,13.166855845629966,0.41296648377929546,3.5517241379310347,9.049483017241387,7.922402241379289,0.49137931034482757,-0.15272862068963902,0.5,0.373770172413758,0.5431034482758621,-1.2732206034482512,0.5689655172413793,-2.5762819827586148
VALIDATION,EFF_PERSIST,881,337,38.25198637911464,0.39447801634063756,5.640949554896142,7.924524925815998,8.575474290801202,0.4391691394658754,0.5033691988130633,0.4896142433234421,0.8097058160237388,0.47181008902077154,0.46864296735906363,0.5074183976261127,-0.22394077151334157
VALIDATION,REV_PERSIST,881,85,9.648127128263337,0.4365993703651067,3.5058823529411764,9.90091200000003,7.702481176470557,0.49411764705882355,-0.23300435294117694,0.5176470588235295,0.09980941176466278,0.5882352941176471,-2.106097058823509,0.6470588235294118,-4.045990470588206
VALIDATION,ALL_3,881,79,8.967082860385926,0.4653922119197235,3.5063291139240507,9.973022658227888,7.927988101265777,0.5063291139240507,-0.0901537974683678,0.5063291139240507,0.31759379746830446,0.5822784810126582,-2.176280759493664,0.6582278481012658,-4.3679992405063155
