sample,rule,baseline_candidates,signals,kept_pct,success_15m,avg_forward_15m,success_30m,avg_forward_30m,success_60m,avg_forward_60m,success_120m,avg_forward_120m
DISCOVERY,BASE_RESEARCH_PROXY,2125,2125,100.0,0.3943529411764706,0.04522295529411413,0.3538823529411765,0.03178150117647687,0.4588235294117647,-0.13669995294116896,0.43670588235294117,-0.38654770823530016
DISCOVERY,ENTRY_TIMING_2_OF_3,2125,1231,57.92941176470588,0.44841592201462227,0.021418862713233334,0.4614134849715678,-0.05333107229893643,0.5182778229082047,-0.17605274573516316,0.5174654752233956,-0.6083586190089376
DISCOVERY,SR_GOOD,2125,292,13.741176470588234,0.4589041095890411,-0.19156756849317128,0.4486301369863014,0.1046573972602461,0.4931506849315068,0.47396126712328157,0.5171232876712328,-0.11183171232878926
DISCOVERY,H4_BEARISH,2125,511,24.04705882352941,0.44031311154598823,-0.027013933463790715,0.41487279843444225,-0.2005973776907826,0.48140900195694714,-0.4351340900195572,0.461839530332681,-0.5935618982387544
DISCOVERY,CONTEXT_SCORE_GE_2,2125,622,29.270588235294117,0.4758842443729904,-0.22410347266882755,0.4565916398713826,-0.17169448553055056,0.5048231511254019,-0.05634300643086723,0.5112540192926045,-0.4052730385852165
DISCOVERY,CONTEXT_SCORE_GE_3,2125,173,8.141176470588235,0.5086705202312138,-0.43042971098265104,0.4913294797687861,0.08920676300576395,0.5606936416184971,-0.11980213872830536,0.5722543352601156,-0.6705708670520241
DISCOVERY,ALL_CONTEXT_SCORE_4,2125,12,0.5647058823529412,0.25,4.676354999999944,0.4166666666666667,1.6186241666665258,0.3333333333333333,5.881551666666534,0.25,7.306619999999914
VALIDATION,BASE_RESEARCH_PROXY,882,882,100.0,0.3877551020408163,0.19002092970523726,0.35487528344671204,0.2524189229024976,0.4557823129251701,0.08859264172336961,0.42517006802721086,-0.2164595340909035
VALIDATION,ENTRY_TIMING_2_OF_3,882,494,56.00907029478458,0.44534412955465585,0.17176044534415136,0.48582995951417,0.16459572874496392,0.52834008097166,0.05716817813768636,0.5182186234817814,-0.16021123983738084
VALIDATION,SR_GOOD,882,105,11.904761904761905,0.5904761904761905,-1.0212026666666827,0.5714285714285714,-0.8268260952380886,0.5047619047619047,0.25556761904759434,0.5904761904761905,-2.190142095238133
VALIDATION,H4_BEARISH,882,269,30.498866213151928,0.46096654275092935,0.05724011152417892,0.41263940520446096,0.18462063197025988,0.516728624535316,-0.6193478810408793,0.4944237918215613,-1.600300371747196
VALIDATION,CONTEXT_SCORE_GE_2,882,273,30.952380952380953,0.5311355311355311,-0.28796216117215684,0.5201465201465202,-0.14995945054942483,0.5567765567765568,-0.3353841391941227,0.575091575091575,-2.1007519413919358
VALIDATION,CONTEXT_SCORE_GE_3,882,60,6.802721088435374,0.6,-1.0706155000000612,0.5666666666666667,-0.5231913333333371,0.48333333333333334,0.7412611666665877,0.6,-1.9908303333334212
VALIDATION,ALL_CONTEXT_SCORE_4,882,7,0.7936507936507936,1.0,-2.658387142857334,0.7142857142857143,-2.6200185714287727,0.7142857142857143,-2.788290000000156,0.8571428571428571,-10.38083000000006
ALL,BASE_RESEARCH_PROXY,3010,3010,100.0,0.39235880398671097,0.08930337209302724,0.35448504983388707,0.09623899003322806,0.45813953488372094,-0.0718925913621168,0.43322259136212626,-0.33133781250000266
ALL,ENTRY_TIMING_2_OF_3,3010,1728,57.40863787375415,0.44733796296296297,0.06731608217592663,0.46875,0.008778888888901416,0.5214120370370371,-0.11141658564812981,0.5173611111111112,-0.4707295828505178
ALL,SR_GOOD,3010,397,13.18936877076412,0.49370277078085645,-0.4109924685138733,0.4811083123425693,-0.14170473551639154,0.49622166246851385,0.4161997229219033,0.5365239294710328,-0.6615107808564495
ALL,H4_BEARISH,3010,780,25.91362126245847,0.44743589743589746,0.002042910256419325,0.41410256410256413,-0.06774655128203845,0.4935897435897436,-0.4986642307692183,0.47307692307692306,-0.9407576025641016
ALL,CONTEXT_SCORE_GE_2,3010,895,29.73421926910299,0.49273743016759775,-0.2435821564245917,0.4759776536312849,-0.16506469273742505,0.5206703910614525,-0.1414583463687094,0.5307262569832403,-0.9224414636871544
ALL,CONTEXT_SCORE_GE_3,3010,233,7.740863787375416,0.5321888412017167,-0.5952844206008682,0.5107296137339056,-0.06849231759657969,0.5407725321888412,0.10193090128754692,0.5793991416309013,-1.0105518454935856
ALL,ALL_CONTEXT_SCORE_4,3010,19,0.6312292358803987,0.5263157894736842,1.9740815789472628,0.5263157894736842,0.057018947368257945,0.47368421052631576,2.6873994736840694,0.47368421052631576,0.790191052631503
