sample,score_threshold,outcome,signals,avg_score,close_support_rate,lower_wick_rejection_rate,extreme_range_rate,reversal_heavy_rate,avg_exhaustion_count,avg_distance_support_atr,avg_distance_resistance_atr,avg_range_atr_ratio,avg_reversals,avg_lower_wick_ratio
DISCOVERY,65,SUCCESS_60M,194,74.80995408375523,0.13917525773195877,0.0,0.31443298969072164,0.06701030927835051,0.520618556701031,4.779677578012421,4.656536817042625,1.431996057205737,5.092783505154639,0.07575958931916371
DISCOVERY,65,FALSE_60M,201,75.34644849584525,0.15920398009950248,0.004975124378109453,0.36318407960199006,0.05472636815920398,0.582089552238806,4.573072275129103,4.5488638305354385,1.4456087936227016,4.880597014925373,0.06668391914738428
DISCOVERY,70,SUCCESS_60M,135,77.94053070650715,0.0962962962962963,0.0,0.3333333333333333,0.037037037037037035,0.4666666666666667,5.04751640328622,4.588602396310829,1.471541463467969,4.933333333333334,0.07237441179859024
DISCOVERY,70,FALSE_60M,150,78.05492665168744,0.12,0.0,0.37333333333333335,0.05333333333333334,0.5466666666666666,4.931742426530373,4.366655538479599,1.4286761907248486,4.626666666666667,0.061702322169105116
DISCOVERY,75,SUCCESS_60M,85,81.33012552208001,0.08235294117647059,0.0,0.38823529411764707,0.03529411764705882,0.5058823529411764,5.716622336006711,4.641131967981817,1.5966676654482455,4.8352941176470585,0.06506413059516122
DISCOVERY,75,FALSE_60M,94,81.62337874484123,0.06382978723404255,0.0,0.35106382978723405,0.031914893617021274,0.44680851063829785,5.671625968166384,4.149415970581171,1.4470799945409727,4.319148936170213,0.06057466983058147
VALIDATION,65,SUCCESS_60M,83,74.84639359218465,0.13253012048192772,0.0,0.3253012048192771,0.08433734939759036,0.5421686746987951,4.3890214887653265,4.3741665804905026,1.3606673437491388,5.0602409638554215,0.07710583553192481
VALIDATION,65,FALSE_60M,84,74.24980943520843,0.10714285714285714,0.0,0.2857142857142857,0.10714285714285714,0.5,4.402670213984722,3.9906493790362996,1.3782176053969366,5.309523809523809,0.058892133969959556
VALIDATION,70,SUCCESS_60M,61,77.51584569798554,0.06557377049180328,0.0,0.39344262295081966,0.08196721311475409,0.5409836065573771,4.872046241832013,3.955438868765667,1.4382857471779609,4.967213114754099,0.06778304717239032
VALIDATION,70,FALSE_60M,57,77.69601474796214,0.05263157894736842,0.0,0.3508771929824561,0.12280701754385964,0.5263157894736842,4.904206780301459,4.199400005242529,1.475395790287203,5.087719298245614,0.055986604925310275
VALIDATION,75,SUCCESS_60M,40,80.17358725322543,0.05,0.0,0.45,0.075,0.575,5.118814703947719,4.0268941608941065,1.5308559553573253,4.8,0.07138965687624947
VALIDATION,75,FALSE_60M,34,81.30213551881907,0.029411764705882353,0.0,0.38235294117647056,0.11764705882352941,0.5294117647058824,5.432708024030218,3.70049868840858,1.4446539891971566,5.205882352941177,0.055140917524227416
