volatility_regime,pattern,count,avg_efficiency,avg_forward_15m,avg_forward_30m,avg_forward_60m,avg_forward_120m,avg_sell_mfe_60m,avg_sell_mae_60m
QUIET,BEARISH_CANDIDATE,1000,0.18972923290718777,-0.0026246600000094985,-0.1571763799999999,-0.22669748999999137,-0.10195835000002353,6.763891919999996,6.508459003999999
QUIET,BULLISH_CANDIDATE,1038,0.18974966310565688,-0.11627009633910984,-0.1698806936416271,-0.4744244315992365,-1.3638916088631998,6.189200953757216,5.728910703275512
QUIET,LOW_BREAK_REJECTION,1196,0.11837621397640685,-0.029246496655508946,-0.023611429765881754,-0.15224626254180187,-0.5215261004184091,6.084295794314375,5.845602622073586
QUIET,HIGH_BREAK_REJECTION,1239,0.11589023846161949,0.04081379338175815,-0.036038983050856795,-0.16019884584343136,-0.5640860532687701,5.803801783696528,5.733701799838573
NORMAL,BEARISH_CANDIDATE,1094,0.15350872654435868,0.08235931444242824,0.1212293235831929,-0.11314423217549323,-0.3300074016468368,4.395781508226659,4.548666946983544
NORMAL,BULLISH_CANDIDATE,1462,0.14479671293183685,0.07964719562243372,0.1333271272229802,0.1194527770177798,0.1636851162790707,2.899825006839914,3.0548588030095556
NORMAL,LOW_BREAK_REJECTION,1615,0.09984102971413399,0.027512631578955685,0.12338653869969943,0.04793293498452429,0.39440048916409554,3.3332485325077204,3.2696850959752255
NORMAL,HIGH_BREAK_REJECTION,1632,0.09907401781410301,0.11702600490195864,0.11482101102941425,0.11619123161765195,0.32717337622548603,3.525918523284287,3.6834369056372407
HIGH,BEARISH_CANDIDATE,916,0.32820504991681476,0.21755996724891652,0.3502085589519666,0.1697374126637711,-0.46115540393012394,7.960847762008721,7.821343679039316
HIGH,BULLISH_CANDIDATE,1077,0.26414876689004174,-0.06625519034355061,0.1286035190343607,-0.03352248746518292,0.10448411802973984,7.054702674094699,6.844182293407604
HIGH,LOW_BREAK_REJECTION,1740,0.1456313395840364,-0.04839082758621431,-0.07358268908046635,-0.4040880109195342,-0.6128276940770502,5.9175849540229715,5.360443063218378
HIGH,HIGH_BREAK_REJECTION,1727,0.14215192748522346,-0.18252380428488754,-0.19168437753328418,-0.5723184588644186,-0.7757673928157386,5.418892651997658,4.7447541598147
