rule,resistance_max_atr,support_min_atr,discovery_candidates,discovery_signals,discovery_kept_pct,discovery_avg_resistance_atr,discovery_avg_support_atr,discovery_success_15m,discovery_avg_forward_15m,discovery_success_30m,discovery_avg_forward_30m,discovery_success_60m,discovery_avg_forward_60m,discovery_success_120m,discovery_avg_forward_120m,discovery_score
RESISTANCE_AND_ROOM,2.0,3.0,2115,293,13.853427895981087,1.2070289060800303,7.988631349383434,0.45733788395904434,-0.18909406143346866,0.447098976109215,0.12914402730372596,0.4948805460750853,0.44554470989760375,0.5187713310580204,-0.14198740614336872,0.47901023890784983
RESISTANCE_AND_ROOM,2.0,1.0,2115,318,15.035460992907801,1.2336345564709448,7.557186764451704,0.4559748427672956,-0.12826761006291584,0.44654088050314467,0.27865361635217484,0.49056603773584906,0.4878021698113082,0.5188679245283019,-0.32323723270443117,0.4768867924528302
RESISTANCE_AND_ROOM,2.0,1.5,2115,317,14.988179669030734,1.2339475696862607,7.576641471600707,0.45425867507886436,-0.1061965615142189,0.444794952681388,0.3066607570977631,0.4889589905362776,0.5420741955835819,0.5173501577287066,-0.2531275394322069,0.47523659305993693
RESISTANCE_AND_ROOM,2.0,2.0,2115,315,14.893617021276595,1.2299946309072394,7.613730539410175,0.45396825396825397,-0.11518257142859309,0.44126984126984126,0.32819155555552576,0.4888888888888889,0.5331634285714157,0.5142857142857142,-0.18962628571431658,0.47380952380952385
RESISTANCE_AND_ROOM,2.0,0.5,2115,326,15.41371158392435,1.236867517002902,7.389233014790121,0.450920245398773,-0.12332334355829919,0.43558282208588955,0.3040699693251303,0.48773006134969327,0.5875821779140992,0.5184049079754601,-0.29553625766873476,0.47193251533742336
ROOM_TO_SUPPORT,,1.5,2115,1229,58.10874704491726,9.113427322320797,9.365220827109145,0.44426362896663957,-0.11250588283157814,0.43612693246541906,-0.040749202603739945,0.4890154597233523,-0.23816912123677136,0.47681041497152155,-0.539535305126128,0.4650122050447518
ROOM_TO_SUPPORT,,1.0,2115,1351,63.87706855791962,8.80416925678613,8.631221038241872,0.44189489267209475,-0.10938108068098064,0.43523316062176165,-0.0758501110288635,0.4877868245743893,-0.3268212065136864,0.4826054774241303,-0.6147469726128862,0.46469282013323465
ROOM_TO_SUPPORT,,0.5,2115,1471,69.55082742316785,8.588284182458302,7.986980964342098,0.44119646498980286,-0.044853698164518174,0.433718558803535,-0.02175660095172888,0.4833446634942216,-0.24639699524132738,0.48878314072059825,-0.6709170360299175,0.4633242692046227
ROOM_TO_SUPPORT,,2.0,2115,1114,52.671394799054376,9.453863661432823,10.153212483132837,0.4380610412926391,-0.12644850089766754,0.42010771992818674,-0.043239847396759894,0.4838420107719928,-0.2602715888689291,0.47666068222621183,-0.5603815080790063,0.4576750448833034
RESISTANCE_AND_ROOM,1.5,3.0,2115,190,8.983451536643026,0.9017933783658197,8.687708067973992,0.42105263157894735,0.02117610526314533,0.4263157894736842,0.2439338947368206,0.47368421052631576,0.33203152631579685,0.49473684210526314,-0.16932036842108333,0.4544736842105263
ROOM_TO_SUPPORT,,3.0,2115,915,43.262411347517734,10.3776656973616,11.818471798154121,0.43278688524590164,-0.08692124590164438,0.41530054644808745,-0.059667956284139095,0.4786885245901639,-0.15789230601091328,0.47650273224043715,-0.44286421857924013,0.45333333333333337
RESISTANCE_AND_ROOM,1.5,1.0,2115,201,9.50354609929078,0.921312694941801,8.350398893122168,0.417910447761194,0.025756318407949307,0.417910447761194,0.24521288557211823,0.472636815920398,0.16809597014925703,0.48756218905472637,-0.31198601990053615,0.4502487562189055
RESISTANCE_AND_ROOM,1.5,0.5,2115,205,9.692671394799055,0.9231634401765946,8.201927384653718,0.4146341463414634,0.027133999999992605,0.4097560975609756,0.2541806829268087,0.47317073170731705,0.2715027317073203,0.4926829268292683,-0.35027643902442324,0.44853658536585367
RESISTANCE_AND_ROOM,1.5,1.5,2115,200,9.456264775413711,0.9202472115804312,8.385200664596693,0.415,0.06150904999998829,0.415,0.28943699999997535,0.47,0.2525186000000008,0.485,-0.20080590000004123,0.4475
RESISTANCE_AND_ROOM,1.5,2.0,2115,200,9.456264775413711,0.9202472115804312,8.385200664596693,0.415,0.06150904999998829,0.415,0.28943699999997535,0.47,0.2525186000000008,0.485,-0.20080590000004123,0.4475
BASE,,,2115,2115,100.0,6.996931794662115,5.555052304496173,0.39527186761229316,0.04518691725768021,0.35555555555555557,0.023834368794332456,0.4595744680851064,-0.14432233569739175,0.43782505910165487,-0.40185414657211,0.41744680851063837
RESISTANCE_AND_ROOM,1.0,1.0,2115,101,4.775413711583925,0.6006693312567364,10.190232158250065,0.36633663366336633,0.013894257425719014,0.3564356435643564,-0.07546158415845981,0.4158415841584158,0.6036034653465061,0.42574257425742573,1.0854268316831153,0.39257425742574253
RESISTANCE_AND_ROOM,1.0,1.5,2115,101,4.775413711583925,0.6006693312567364,10.190232158250065,0.36633663366336633,0.013894257425719014,0.3564356435643564,-0.07546158415845981,0.4158415841584158,0.6036034653465061,0.42574257425742573,1.0854268316831153,0.39257425742574253
RESISTANCE_AND_ROOM,1.0,2.0,2115,101,4.775413711583925,0.6006693312567364,10.190232158250065,0.36633663366336633,0.013894257425719014,0.3564356435643564,-0.07546158415845981,0.4158415841584158,0.6036034653465061,0.42574257425742573,1.0854268316831153,0.39257425742574253
RESISTANCE_AND_ROOM,1.0,3.0,2115,101,4.775413711583925,0.6006693312567364,10.190232158250065,0.36633663366336633,0.013894257425719014,0.3564356435643564,-0.07546158415845981,0.4158415841584158,0.6036034653465061,0.42574257425742573,1.0854268316831153,0.39257425742574253
RESISTANCE_AND_ROOM,1.0,0.5,2115,104,4.91725768321513,0.6105586075126859,9.918368110550917,0.3557692307692308,0.017288653846138074,0.34615384615384615,-0.04692557692311976,0.4230769230769231,0.7107518269230494,0.4326923076923077,1.0990909615384181,0.3918269230769231
NEAR_RESISTANCE,2.0,,2115,731,34.56264775413712,1.041449623468434,3.3901209243141537,0.31326949384404923,-0.009589945280432525,0.19699042407660738,0.18844986320109094,0.4172366621067031,0.2657380984952153,0.37209302325581395,-0.0968564432284666,0.33461012311901506
NEAR_RESISTANCE,1.5,,2115,608,28.747044917257682,0.8950296549083347,2.8788974200461546,0.2746710526315789,0.06340531250001236,0.14144736842105263,0.14874101973684242,0.3980263157894737,0.09371060855264166,0.3355263157894737,-0.07881925986843596,0.29983552631578947
NEAR_RESISTANCE,1.0,,2115,493,23.3096926713948,0.8151591192797746,2.227223137558506,0.23935091277890466,0.06762194726168223,0.07505070993914807,0.067067586206902,0.3691683569979716,0.1602288235294223,0.2880324543610548,0.372030912778898,0.25750507099391484
