sample,combination,baseline_candidates,signals,kept_pct,success_15m,avg_forward_15m,success_30m,avg_forward_30m,success_60m,avg_forward_60m,success_120m,avg_forward_120m
DISCOVERY,M15_BASELINE,2120,2120,100.0,0.3919811320754717,0.08341420754716676,0.35235849056603774,0.07974553773585526,0.4537735849056604,-0.061172971698104504,0.4330188679245283,-0.2744965518867987
DISCOVERY,M15_PLUS_SR_GOOD,2120,291,13.726415094339623,0.4536082474226804,-0.20023831615122004,0.44329896907216493,0.24983567010306698,0.48109965635738833,0.6435304123711327,0.5189003436426117,-0.09300728522339498
DISCOVERY,M15_PLUS_H4_BEARISH,2120,501,23.632075471698112,0.43313373253493015,0.09179618762475743,0.4111776447105788,-0.08584554890217667,0.4810379241516966,-0.3899486427145555,0.46107784431137727,-0.5098495808383297
DISCOVERY,M15_PLUS_H4_BEARISH_PLUS_SR_GOOD,2120,20,0.9433962264150944,0.35,3.0002899999999952,0.4,0.2644910000000209,0.4,3.2020494999999527,0.4,4.265593499999954
DISCOVERY,M15_PLUS_H1_BEARISH_PLUS_H4_BEARISH,2120,260,12.264150943396226,0.4423076923076923,0.2015996538461475,0.4,0.013318307692340497,0.45,-0.324542115384604,0.43846153846153846,-0.6468625000000062
DISCOVERY,M15_PLUS_H1_BEARISH_PLUS_H4_BEARISH_PLUS_SR_GOOD,2120,1,0.04716981132075472,1.0,-1.8899499999997715,1.0,-9.24760999999944,1.0,-8.50402000000031,1.0,-2.6151300000001356
VALIDATION,M15_BASELINE,888,888,100.0,0.3963963963963964,0.12371198198200561,0.36711711711711714,0.14300365990991057,0.46959459459459457,-0.07360014639637992,0.4369369369369369,-0.3417910597519689
VALIDATION,M15_PLUS_SR_GOOD,888,98,11.036036036036036,0.5816326530612245,-0.9999350000000272,0.5612244897959183,-0.8786905102040747,0.5408163265306123,-0.13545867346941548,0.6122448979591837,-2.8667215306122857
VALIDATION,M15_PLUS_H4_BEARISH,888,289,32.54504504504504,0.47058823529411764,-0.0839867474048355,0.42214532871972316,0.07113003460206963,0.5190311418685121,-0.646534705882338,0.48788927335640137,-1.3815014236111014
VALIDATION,M15_PLUS_H4_BEARISH_PLUS_SR_GOOD,888,10,1.1261261261261262,0.9,-2.289123000000109,0.6,-1.8525320000001557,0.7,-2.3361260000001494,0.8,-7.407741000000078
VALIDATION,M15_PLUS_H1_BEARISH_PLUS_H4_BEARISH,888,147,16.554054054054053,0.46258503401360546,-0.04079251700675147,0.42857142857142855,-0.04103265306122896,0.5034013605442177,-1.0064768707483023,0.4217687074829932,-0.21506693877550528
VALIDATION,M15_PLUS_H1_BEARISH_PLUS_H4_BEARISH_PLUS_SR_GOOD,888,0,0.0,,,,,,,,
ALL,M15_BASELINE,3010,3010,100.0,0.39335548172757473,0.09526955481728057,0.35647840531561464,0.09841845182724737,0.4584717607973422,-0.06478332558138426,0.43421926910299,-0.29414250249252566
ALL,M15_PLUS_SR_GOOD,3010,389,12.92358803986711,0.48586118251928023,-0.40170431876608664,0.4730077120822622,-0.03447169665811523,0.4961439588688946,0.447281233933154,0.5424164524421594,-0.7917836246786939
ALL,M15_PLUS_H4_BEARISH,3010,790,26.245847176079735,0.4468354430379747,0.02749078481013419,0.4151898734177215,-0.028420303797458725,0.49493670886075947,-0.4838136708860607,0.4708860759493671,-0.8280190747782007
ALL,M15_PLUS_H4_BEARISH_PLUS_SR_GOOD,3010,30,0.9966777408637874,0.5333333333333333,1.237152333333294,0.4666666666666667,-0.4411833333333713,0.5,1.3559909999999187,0.5333333333333333,0.3744819999999436
ALL,M15_PLUS_H1_BEARISH_PLUS_H4_BEARISH,3010,407,13.521594684385382,0.44963144963144963,0.11405260442261887,0.4103194103194103,-0.006312137592118251,0.4692874692874693,-0.5708428746928684,0.43243243243243246,-0.4909068550368572
ALL,M15_PLUS_H1_BEARISH_PLUS_H4_BEARISH_PLUS_SR_GOOD,3010,1,0.03322259136212625,1.0,-1.8899499999997715,1.0,-9.24760999999944,1.0,-8.50402000000031,1.0,-2.6151300000001356
