sample,rule,signals,success_15m,avg_forward_15m,success_30m,avg_forward_30m,success_60m,avg_forward_60m,success_120m,avg_forward_120m,avg_sell_power,avg_checks_passed
DISCOVERY,PROD_SELL_SIGNAL,1483,0.48213081591368845,-0.08252370195550145,0.49763991908294,-0.24697892784894804,0.5124747134187457,-0.2150042279163867,0.50708024275118,-0.28799023600810675,0.6137768998592725,7.687795010114632
DISCOVERY,PROD_SELL_PLUS_CONFIRMED,962,0.4875259875259875,-0.20241695426195222,0.49376299376299376,-0.2670166839916632,0.5207900207900208,-0.249413160083147,0.502079002079002,-0.290633305613312,0.6223718821827761,8.422037422037421
DISCOVERY,PROD_CONFIRMED_PLUS_CONTEXT_GE2,361,0.4930747922437673,-0.33528055401661616,0.481994459833795,-0.3739162880886112,0.4930747922437673,-0.39467506925205337,0.5207756232686981,-0.6569132963988933,0.6217526489252013,8.393351800554017
VALIDATION,PROD_SELL_SIGNAL,644,0.4642857142857143,0.31960880434783107,0.47360248447204967,0.3655623757763972,0.4782608695652174,0.21744591614905862,0.468944099378882,0.8988516355140188,0.612425212642326,7.684782608695652
VALIDATION,PROD_SELL_PLUS_CONFIRMED,417,0.434052757793765,0.4492231175060059,0.4676258992805755,0.5100856354916115,0.4748201438848921,0.5273612230215895,0.4460431654676259,1.318937590361447,0.6200221701756622,8.414868105515588
VALIDATION,PROD_CONFIRMED_PLUS_CONTEXT_GE2,185,0.4810810810810811,-0.3021536216215994,0.518918918918919,-0.6541920000000008,0.5243243243243243,-1.1012867027027038,0.5459459459459459,-2.8545118378378262,0.6225625486852748,8.45945945945946
ALL,PROD_SELL_SIGNAL,2127,0.4767277856135402,0.03923150916783947,0.4903620122237894,-0.06151743300422666,0.5021156558533145,-0.08406962858486494,0.49553361542078045,0.07057563764704837,0.6133676443032248,7.68688293370945
ALL,PROD_SELL_PLUS_CONFIRMED,1379,0.4713560551124003,-0.005365532994919196,0.485859318346628,-0.032026352429280626,0.5068890500362582,-0.014521994198683524,0.4851341551849166,0.19445886710239246,0.6216613456295009,8.419869470630893
ALL,PROD_CONFIRMED_PLUS_CONTEXT_GE2,546,0.489010989010989,-0.32405622710621673,0.4945054945054945,-0.4688815018314813,0.5036630036630036,-0.6340947619047462,0.5293040293040293,-1.4015208608058578,0.6220270655105742,8.415750915750916
