volatility_regime,session_utc,path_type,efficiency_bucket,reversal_bucket,late_sell_strength,sequence_type,samples,successful_sell_60m,false_sell_60m,success_rate_60m,avg_forward_15m,avg_forward_30m,avg_forward_60m,avg_forward_120m,avg_sell_mfe_60m,avg_sell_mae_60m,avg_efficiency,avg_reversals,avg_late_sell_acceleration
HIGH,EU_US_12_17,LATE_REVERSAL_SELL,VERY_LOW,VERY_HIGH,MILD,LOW_FIRST,24,24,0,1.0,0.09538541666669668,0.12577916666667002,-0.0026312499999979386,0.00033291666663141467,0.034976250000094446,0.2235575000001404,0.023015903120862824,12.0,0.12303416666683613
HIGH,EU_US_12_17,LATE_REVERSAL_SELL,VERY_LOW,VERY_HIGH,MILD,HIGH_FIRST,16,16,0,1.0,0.08562625000010371,0.11506812500007868,-0.006926249999906986,-0.008863749999932224,0.041978124999815236,0.2181900000000212,0.017722614363020868,12.0,0.10953375000011079
HIGH,US_LATE_17_22,LATE_REVERSAL_SELL,VERY_LOW,VERY_HIGH,MILD,HIGH_FIRST,11,11,0,1.0,0.08684454545461696,0.11635818181829646,-0.015058181818114297,-0.2388636363635173,0.0497172727271556,0.22433636363645995,0.016525753233235848,12.0,0.11432818181839882
HIGH,EUROPE_07_12,LATE_REVERSAL_SELL,VERY_LOW,VERY_HIGH,MILD,HIGH_FIRST,14,13,1,0.9285714285714286,0.09286571428551074,0.12096642857116942,-0.00327142857167928,-0.004113571428726053,0.04001571428593057,0.22422714285695683,0.022238229525257634,12.0,0.11622214285697348
HIGH,ASIA_00_07,LATE_REVERSAL_SELL,VERY_LOW,VERY_HIGH,MILD,LOW_FIRST,27,25,2,0.9259259259259259,0.09697296296309543,0.12712333333330308,-0.001839259259213577,-0.0005999999999336002,0.03508592592588347,0.22604629629635115,0.022987338449971414,12.0,0.12402740740750502
HIGH,EUROPE_07_12,LATE_REVERSAL_SELL,VERY_LOW,VERY_HIGH,MILD,LOW_FIRST,26,22,4,0.8461538461538461,0.10134961538467625,0.12928000000000303,-0.0012676923075175112,-0.002156153846149559,0.03448230769212247,0.22753730769236077,0.024398783216404728,12.0,0.1259446153846791
HIGH,US_LATE_17_22,LATE_REVERSAL_SELL,VERY_LOW,VERY_HIGH,MILD,LOW_FIRST,27,22,5,0.8148148148148148,0.0309592592592775,0.02688814814817104,-0.09190925925930868,-0.0871988888889569,0.14539148148157807,0.24879888888881396,0.025501388859047427,11.962962962962964,0.12510444444450075
HIGH,ASIA_00_07,LATE_SELL,HIGH,LOW,VERY_STRONG,HIGH_FIRST,17,11,6,0.6470588235294118,-2.16896294117642,-2.4869629411763903,-4.310177058823308,-7.890739999999903,12.399324117647078,6.9063552941177155,0.5167837119153874,3.5294117647058822,9.17562941176493
HIGH,EU_US_12_17,SELL_ALL_3,HIGH,MEDIUM,VERY_STRONG,HIGH_FIRST,15,9,6,0.6,1.0034393333333052,4.467581333333328,4.551267333333211,6.301167333333402,14.307142000000082,18.191714000000015,0.6353384103281123,5.733333333333333,5.508788666666411
HIGH,EUROPE_07_12,LATE_SELL,HIGH,MEDIUM,VERY_STRONG,HIGH_FIRST,10,6,4,0.6,-0.38728700000010574,-2.6438770000001113,-1.6463990000001103,-2.8428860000000897,9.34120299999995,7.220018999999866,0.44999922476351095,5.7,6.997610999999916
NORMAL,ASIA_00_07,LATE_SELL,MEDIUM,MEDIUM,VERY_STRONG,HIGH_FIRST,10,6,4,0.6,-2.1988770000000386,-3.8562840000000507,-3.859300000000121,-5.685031000000026,11.888105000000133,5.062642999999935,0.27922194625104735,6.0,4.1791439999998605
QUIET,ASIA_00_07,LATE_REVERSAL_SELL,LOW,MEDIUM,VERY_STRONG,HIGH_FIRST,10,6,4,0.6,-0.6589590000000498,0.04325399999993351,-1.804470000000083,-1.70613800000001,8.569507999999995,7.29409299999993,0.1275601502610808,6.4,5.275313999999935
QUIET,ASIA_00_07,LATE_SELL,VERY_LOW,MEDIUM,VERY_STRONG,HIGH_FIRST,10,6,4,0.6,-1.3185610000000452,-4.043991999999844,-0.988886999999977,-4.199423999999999,9.896655999999894,7.634987000000001,0.04290908122204135,6.0,4.362437000000182
HIGH,ASIA_00_07,LATE_SELL,MEDIUM,MEDIUM,VERY_STRONG,HIGH_FIRST,18,10,8,0.5555555555555556,-3.4913522222222784,-2.480215000000069,-1.9466855555555564,-2.211718888888956,13.528573333333371,7.178180000000036,0.27884034125552287,6.055555555555555,6.741589444444496
NORMAL,EUROPE_07_12,LATE_SELL,MEDIUM,MEDIUM,VERY_STRONG,HIGH_FIRST,18,10,8,0.5555555555555556,0.32236333333331557,0.4682955555555155,-2.792735555555611,0.8651677777777422,10.66957944444448,9.872835000000022,0.26442656670770215,6.0,4.858029444444406
QUIET,LATE_22_24,LATE_REVERSAL_SELL,VERY_LOW,VERY_HIGH,MILD,LOW_FIRST,20,11,9,0.55,0.11299000000001343,0.13225550000001932,-0.0016765000000077634,0.003064999999924112,0.03781399999993482,0.23378999999999905,0.027883610348020994,12.0,0.1316875000001346
HIGH,ASIA_00_07,SELL_ALL_3,HIGH,LOW,VERY_STRONG,HIGH_FIRST,13,7,6,0.5384615384615384,-1.132031538461643,-1.0408769230769115,-2.7403238461539123,-1.095930000000058,10.489966923076876,9.689680769230808,0.7241668760477313,3.230769230769231,4.000618461538439
NORMAL,ASIA_00_07,LATE_REVERSAL_SELL,VERY_LOW,VERY_HIGH,MILD,LOW_FIRST,76,38,38,0.5,0.1082251315788737,0.12797394736840992,0.000859868420984879,0.005035394736781104,0.03484013157890929,0.2288813157894083,0.026869724229207533,11.986842105263158,0.12654013157898708
HIGH,LATE_22_24,SELL_ALL_3,HIGH,MEDIUM,VERY_STRONG,HIGH_FIRST,14,7,7,0.5,-0.42598642857140995,0.404567142857169,0.987109285714366,-1.2997521428572196,7.248806428571372,7.687394999999891,0.5611216167338763,5.857142857142857,3.6728264285715277
QUIET,ASIA_00_07,LATE_SELL,MEDIUM,MEDIUM,VERY_STRONG,HIGH_FIRST,12,6,6,0.5,-0.9974383333335103,-1.4217391666666874,-1.318780833333297,-5.2879683333333105,8.595310833333391,7.981211666666657,0.25337047661905737,5.916666666666667,4.168394999999994
QUIET,US_LATE_17_22,LATE_REVERSAL_SELL,VERY_LOW,VERY_HIGH,MILD,LOW_FIRST,12,6,6,0.5,0.37060416666660484,0.45431166666670225,0.5036675000000059,-2.2514450000000275,0.3919466666667404,1.0004066666665494,0.025473442509771696,11.916666666666666,0.11497749999989537
NORMAL,EU_US_12_17,SELL_ALL_3,HIGH,MEDIUM,VERY_STRONG,HIGH_FIRST,10,5,5,0.5,-2.61405399999976,-2.7768979999998917,-2.7995639999999185,-2.894018999999844,11.421701999999822,7.610586000000239,0.5230455265942064,5.6,4.6992529999999535
QUIET,EUROPE_07_12,LATE_SELL,LOW,MEDIUM,VERY_STRONG,HIGH_FIRST,10,5,5,0.5,1.4436089999997421,2.9769359999999323,3.0071559999999864,2.0801699999998617,10.38091700000009,13.493559999999889,0.13362497314909488,6.5,3.0621890000000804
QUIET,EU_US_12_17,LATE_SELL,VERY_LOW,MEDIUM,VERY_STRONG,HIGH_FIRST,10,5,5,0.5,-0.7590519999998833,-1.4111599999997906,-6.160028999999804,-9.275639999999658,14.717512999999872,5.775224000000162,0.05287291015185147,6.0,5.4019760000001495
HIGH,ASIA_00_07,SELL_ALL_3,HIGH,MEDIUM,VERY_STRONG,HIGH_FIRST,21,10,11,0.47619047619047616,2.2259819047619334,0.13350333333327008,-0.1126457142858098,-1.5672604761905296,9.855454285714435,9.591480952380953,0.5764211978608474,5.9523809523809526,4.399260476190323
HIGH,EUROPE_07_12,SELL_ALL_3,HIGH,MEDIUM,VERY_STRONG,HIGH_FIRST,15,7,8,0.4666666666666667,1.3840759999999743,1.3620479999999284,-0.39824199999996684,5.088210666666752,7.69363399999999,8.49338666666672,0.6217417023352877,6.0,4.459047999999833
HIGH,EU_US_12_17,LATE_SELL,HIGH,MEDIUM,VERY_STRONG,HIGH_FIRST,20,8,12,0.4,0.770272999999861,-0.34601050000003397,-1.1189005000000407,1.3868779999999106,13.01620199999993,13.117984500000011,0.487729687435582,5.6,9.530738499999893
NORMAL,LATE_22_24,LATE_REVERSAL_SELL,VERY_LOW,VERY_HIGH,MILD,HIGH_FIRST,10,4,6,0.4,0.10517300000014984,0.11988000000014835,0.0009140000001480076,0.005951999999979307,0.0352669999999307,0.21855800000012096,0.024302550282633995,12.0,0.11955399999992551
HIGH,ASIA_00_07,LATE_SELL,HIGH,MEDIUM,VERY_STRONG,HIGH_FIRST,23,9,14,0.391304347826087,0.6780778260870489,2.0314186956523215,2.3120539130435764,2.5069643478261003,6.978159130434704,9.773223043478419,0.4845351140772844,5.6521739130434785,7.723310000000073
QUIET,EUROPE_07_12,LATE_SELL,VERY_LOW,MEDIUM,VERY_STRONG,HIGH_FIRST,11,4,7,0.36363636363636365,2.642510909090974,3.703420909090958,1.3197254545455672,4.2356290909092005,7.533487272727226,9.513402727272808,0.03719271976603757,5.818181818181818,5.370261818182164
NORMAL,EU_US_12_17,LATE_REVERSAL_SELL,VERY_LOW,VERY_HIGH,MILD,LOW_FIRST,53,19,34,0.3584905660377358,0.1073849056603975,0.1246649056603997,0.0009062264150757846,0.006227735849124828,0.03447943396216736,0.22359886792458572,0.025390973269223183,12.0,0.12429547169809872
HIGH,EUROPE_07_12,SELL_ALL_3,HIGH,LOW,VERY_STRONG,HIGH_FIRST,12,4,8,0.3333333333333333,0.36466749999992015,0.7013966666666344,4.66123833333332,8.90416000000001,6.004331666666644,13.422233333333375,0.740307238858965,3.75,4.338047499999978
NORMAL,EUROPE_07_12,LATE_REVERSAL_SELL,VERY_LOW,VERY_HIGH,MILD,LOW_FIRST,47,15,32,0.3191489361702128,0.10799297872340793,0.12582574468085134,0.004147446808454991,0.012995957446782221,0.03447042553179539,0.22774702127656943,0.02770672360700772,12.0,0.12681340425524468
NORMAL,EUROPE_07_12,LATE_REVERSAL_SELL,VERY_LOW,VERY_HIGH,MILD,HIGH_FIRST,40,12,28,0.3,0.11615850000005139,0.123015249999969,0.003039499999965756,0.010338750000005347,0.0366074999999114,0.22663699999999382,0.026440606196060805,12.0,0.12526450000008255
HIGH,ASIA_00_07,LATE_SELL,MEDIUM,LOW,VERY_STRONG,HIGH_FIRST,10,3,7,0.3,-1.710522999999921,-0.9939899999998942,-3.685709999999881,-6.7678199999999835,10.350490000000036,6.584288000000152,0.28062568132447857,3.4,9.16121900000012
QUIET,US_LATE_17_22,LATE_SELL,MEDIUM,MEDIUM,VERY_STRONG,HIGH_FIRST,10,3,7,0.3,2.863677000000007,1.8691719999999805,1.7466759999998431,2.215182999999888,5.103426000000036,7.884075999999823,0.26966265916285104,6.1,3.768821999999909
HIGH,EU_US_12_17,SELL_ALL_3,HIGH,LOW,VERY_STRONG,HIGH_FIRST,18,5,13,0.2777777777777778,1.263956666666748,5.160498333333357,6.535251111111039,2.141275555555492,9.51045277777785,15.857238888888812,0.718344453332758,3.3333333333333335,7.798901666666501
QUIET,US_LATE_17_22,LATE_REVERSAL_SELL,VERY_LOW,VERY_HIGH,MILD,HIGH_FIRST,10,2,8,0.2,-0.39175300000006247,-0.4565890000001673,0.017546999999922264,5.848802999999862,1.4492449999998827,1.561644999999953,0.03571400701612293,12.0,0.1257819999998901
NORMAL,ASIA_00_07,LATE_REVERSAL_SELL,VERY_LOW,VERY_HIGH,MILD,HIGH_FIRST,70,11,59,0.15714285714285714,0.11829142857144949,0.12359571428574521,0.004536000000072298,0.01371285714289375,0.034551285714145966,0.22595028571430964,0.027621772811393108,11.985714285714286,0.12466971428581408
NORMAL,US_LATE_17_22,LATE_REVERSAL_SELL,VERY_LOW,VERY_HIGH,MILD,LOW_FIRST,28,4,24,0.14285714285714285,0.11249214285719843,0.12641321428579236,0.0038596428572158664,0.015015714285742174,0.035152142857100444,0.2262335714285005,0.026035344840964557,12.0,0.12634321428572548
NORMAL,US_LATE_17_22,LATE_REVERSAL_SELL,VERY_LOW,VERY_HIGH,MILD,HIGH_FIRST,28,3,25,0.10714285714285714,0.11514428571432031,0.11962392857141627,0.00830464285711839,0.012170357142865993,0.18498857142862693,0.2295907142856452,0.025326327475411987,12.0,0.12621678571419384
NORMAL,EUROPE_07_12,LATE_SELL,VERY_LOW,VERY_HIGH,MILD,LOW_FIRST,10,1,9,0.1,-0.008796999999958643,0.08705500000000939,0.053746999999975745,0.050692999999864694,0.05307099999995444,0.21780799999992267,0.018232971233585554,11.4,0.09497599999995146
NORMAL,EU_US_12_17,LATE_REVERSAL_SELL,VERY_LOW,VERY_HIGH,MILD,HIGH_FIRST,44,4,40,0.09090909090909091,0.12067977272734383,0.12447636363643513,0.004443863636445464,0.01317295454556312,0.034365909090783214,0.22554318181823874,0.026758892265088506,12.0,0.12647568181819224
NORMAL,ASIA_00_07,LATE_SELL,VERY_LOW,VERY_HIGH,MILD,LOW_FIRST,12,1,11,0.08333333333333333,-0.015528333333198438,0.07811833333342595,0.04856583333328975,0.05145750000004531,0.05611249999992651,0.21175250000010237,0.014009824131739615,11.25,0.08474666666673632
NORMAL,LATE_22_24,LATE_REVERSAL_SELL,VERY_LOW,VERY_HIGH,MILD,LOW_FIRST,12,1,11,0.08333333333333333,0.11861999999996442,-0.34818250000008294,0.005860833333182806,0.017787500000016127,0.6461158333333591,0.22636416666659898,0.028155636883369608,12.0,0.12881416666656756
QUIET,EUROPE_07_12,LATE_SELL,MEDIUM,MEDIUM,VERY_STRONG,HIGH_FIRST,12,1,11,0.08333333333333333,2.394220833333293,3.082157499999994,6.787325000000085,7.176519166666594,4.6388241666666845,10.872611666666671,0.24792867933516152,5.75,3.5057233333333593
NORMAL,EUROPE_07_12,LATE_SELL,VERY_LOW,VERY_HIGH,MILD,HIGH_FIRST,27,1,26,0.037037037037037035,-0.010250370370209162,0.0781537037037365,0.0579618518518651,0.047571111111193644,0.05513444444440446,0.20550296296296774,0.010455785616368226,11.592592592592593,0.08820740740763237
NORMAL,ASIA_00_07,LATE_SELL,VERY_LOW,VERY_HIGH,MILD,HIGH_FIRST,33,0,33,0.0,-0.008059090908966138,0.0810906060606943,0.05845363636377222,0.052833333333375886,0.053435151515025085,0.20685060606066338,0.013253656790062754,11.696969696969697,0.08839545454549641
NORMAL,EU_US_12_17,LATE_SELL,VERY_LOW,VERY_HIGH,MILD,HIGH_FIRST,22,0,22,0.0,-0.010731818181821754,0.0748286363635874,0.0622109090908535,0.04593999999993188,0.05486681818189771,0.20035181818171954,0.0094296794493065,11.681818181818182,0.0837831818182415
NORMAL,US_LATE_17_22,LATE_SELL,VERY_LOW,VERY_HIGH,MILD,HIGH_FIRST,18,0,18,0.0,-0.009957777777925812,0.07240777777772361,0.05897888888883548,0.05538222222207878,0.09514500000012857,0.2919049999999667,0.008448446894636879,11.555555555555555,0.08391277777766643
