sample,removed_component,threshold,candidates,signals,kept_pct,success_15m,avg_forward_15m,success_30m,avg_forward_30m,success_60m,avg_forward_60m,success_120m,avg_forward_120m,continuation_metric
DISCOVERY,NONE,40.0,2128,1067,50.140977443609025,0.4723523898781631,0.08043775070289982,0.48078725398313027,0.23921666354264903,0.49203373945641987,0.17406079662605697,0.5023430178069354,-0.4548186972821014,0.4868322399250235
VALIDATION,NONE,40.0,883,440,49.83012457531144,0.4772727272727273,0.2345354772727474,0.5113636363636364,0.5618895227272747,0.4909090909090909,0.16924665148065896,0.5113636363636364,-0.6261165525114075,0.4963636363636364
DISCOVERY,EFF,40.0,2128,1077,50.6109022556391,0.4661095636025998,0.08858510677807883,0.4809656453110492,0.18501641597029272,0.5013927576601671,-0.011674382544099129,0.500464252553389,-0.5789026648096613,0.48909006499535745
VALIDATION,EFF,40.0,883,432,48.924122310305776,0.4837962962962963,0.1395381018518812,0.5115740740740741,0.36876254629629557,0.5046296296296297,-0.21795264501157033,0.5115740740740741,-0.8792834186046368,0.5032407407407408
DISCOVERY,PERSIST,40.0,2128,1271,59.72744360902256,0.4634146341463415,0.05839950432729455,0.47915027537372146,-0.0031385129819051913,0.5027537372147916,-0.2787927616050319,0.5066876475216365,-0.7105069551534291,0.48957513768686073
VALIDATION,PERSIST,40.0,883,506,57.304643261608156,0.4624505928853755,0.3729288735178063,0.49407114624505927,0.572806007905134,0.48023715415019763,0.591481049504978,0.4841897233201581,-0.0932155555555551,0.48073122529644263
DISCOVERY,CLEAN,40.0,2128,1025,48.16729323308271,0.46634146341463417,0.10481439999999655,0.4770731707317073,0.24729711219513287,0.4878048780487805,0.1925415707317095,0.5004878048780488,-0.5350671121951223,0.4827317073170732
VALIDATION,CLEAN,40.0,883,425,48.131370328425824,0.46588235294117647,0.3639154352941349,0.5011764705882353,0.7508006117647036,0.4823529411764706,0.33830143867925994,0.5058823529411764,-0.556356146572099,0.4872941176470588
DISCOVERY,ACCEL,40.0,2128,1063,49.953007518796994,0.46378174976481656,0.27924199435558894,0.47318908748824084,0.37960846660395614,0.48447789275634995,0.4623337817497636,0.5023518344308561,-0.18520243650047558,0.48019755409219195
VALIDATION,ACCEL,40.0,883,435,49.2638731596829,0.46436781609195404,0.29614018390806995,0.49885057471264366,0.7664337701149404,0.4781609195402299,0.3635350460829714,0.5057471264367817,-0.5802693995380921,0.4847126436781609
DISCOVERY,ROOM,40.0,2128,903,42.43421052631579,0.4629014396456257,0.2251878073089632,0.47619047619047616,0.3391279955703326,0.4883720930232558,0.30781109634551473,0.48726467331118495,-0.1456602214839459,0.48006644518272423
VALIDATION,ROOM,40.0,883,373,42.24235560588902,0.4450402144772118,0.5894241823056481,0.49865951742627346,0.9292701876675592,0.4772117962466488,0.38284873994640395,0.5067024128686327,-0.5404830913978385,0.48056300268096513
DISCOVERY,LOCATION,40.0,2128,1071,50.328947368421055,0.46591970121381887,0.10815991596638523,0.46872082166199813,0.2955159663865675,0.48739495798319327,0.2728117366946794,0.5042016806722689,-0.4412995331465929,0.48095238095238096
VALIDATION,LOCATION,40.0,883,439,49.71687429218573,0.4533029612756264,0.43484690205013665,0.49430523917995445,0.8801396810933909,0.48291571753986334,0.653201027397282,0.48291571753986334,-0.03256372997711212,0.4798405466970388
