datetime,open,high,low,close
2026-10-08T13:57:00+00:00,4131.42671,4131.42671,4130.52458,4130.63953
2026-10-08T13:58:00+00:00,4130.79702,4130.84532,4130.6952,4130.71887
2026-10-08T13:59:00+00:00,4130.74383,4131.02843,4130.6952,4130.70837
2026-10-08T14:00:00+00:00,4130.74354,4131.71668,4129.18418,4131.45416
2026-10-08T14:01:00+00:00,4130.65949,4131.44032,4126.84793,4127.67123
2026-10-08T14:02:00+00:00,4129.18375,4129.18375,4125.75295,4126.17574
2026-10-08T14:03:00+00:00,4126.98667,4126.98667,4125.05164,4125.3823
2026-10-08T14:04:00+00:00,4125.81292,4125.81292,4124.07868,4124.40772
2026-10-08T14:05:00+00:00,4125.08177,4125.08177,4123.8814,4123.96046
2026-10-08T14:06:00+00:00,4124.16595,4125.76598,4124.16595,4125.24888
2026-10-08T14:07:00+00:00,4124.43827,4126.60422,4124.43827,4126.36351
2026-10-08T14:08:00+00:00,4125.70815,4126.77451,4125.70815,4126.64149
2026-10-08T14:09:00+00:00,4126.28756,4127.26321,4123.76171,4124.41583
2026-10-08T14:10:00+00:00,4125.43152,4125.43152,4123.03125,4123.32103
2026-10-08T14:11:00+00:00,4123.81856,4123.81856,4123.02765,4123.22095
2026-10-08T14:12:00+00:00,4123.49201,4124.01483,4122.52133,4122.65572
2026-10-08T14:13:00+00:00,4123.03575,4125.76282,4123.03575,4125.18358
2026-10-08T14:14:00+00:00,4123.87611,4126.60422,4123.87611,4126.30419
2026-10-08T14:15:00+00:00,4125.6217,4125.81245,4123.94091,4124.31561
2026-10-08T14:16:00+00:00,4125.10438,4125.10438,4123.5413,4123.6866
2026-10-08T14:17:00+00:00,4123.92141,4124.16583,4123.5413,4123.60844
2026-10-08T14:18:00+00:00,4123.57354,4129.32806,4120.24316,4127.53255
2026-10-08T14:19:00+00:00,4125.1793,4131.20714,4125.1793,4130.51826
2026-10-08T14:20:00+00:00,4129.07231,4131.22826,4129.07231,4130.879
2026-10-08T14:21:00+00:00,4130.03818,4134.94134,4128.48134,4133.62987
2026-10-08T14:22:00+00:00,4130.36172,4136.67577,4130.36172,4136.01006
2026-10-08T14:23:00+00:00,4134.66727,4134.66727,4133.76876,4133.90796
2026-10-08T14:24:00+00:00,4133.99718,4134.62334,4133.99718,4134.56746
2026-10-08T14:25:00+00:00,4134.43345,4134.87479,4133.47177,4133.7542
2026-10-08T14:26:00+00:00,4134.31724,4134.31724,4132.94929,4133.14749
2026-10-08T14:27:00+00:00,4133.60127,4134.28146,4133.60127,4134.22338
2026-10-08T14:28:00+00:00,4134.059,4135.48991,4133.27037,4135.0008
2026-10-08T14:29:00+00:00,4133.75472,4136.60691,4133.75472,4136.17144
2026-10-08T14:30:00+00:00,4135.48859,4137.01804,4135.48859,4136.84339
2026-10-08T14:31:00+00:00,4136.5896,4136.5896,4135.13625,4135.28751
2026-10-08T14:32:00+00:00,4135.6009,4136.54984,4135.6009,4136.33029
2026-10-08T14:33:00+00:00,4135.97125,4136.8469,4135.97125,4136.76286
2026-10-08T14:34:00+00:00,4136.57242,4138.09885,4135.41691,4135.71447
2026-10-08T14:35:00+00:00,4136.4806,4138.90154,4136.4806,4138.61053
2026-10-08T14:36:00+00:00,4138.15269,4138.15269,4133.66995,4134.89254
2026-10-08T14:37:00+00:00,4137.7743,4137.7743,4131.88993,4132.43983
2026-10-08T14:38:00+00:00,4133.34598,4133.34598,4132.19184,4132.41677
2026-10-08T14:39:00+00:00,4132.83749,4132.83749,4132.06066,4132.11617
2026-10-08T14:40:00+00:00,4132.28227,4134.60565,4130.21576,4133.84662
2026-10-08T14:41:00+00:00,4132.38028,4132.38028,4127.5475,4128.57106
2026-10-08T14:42:00+00:00,4130.67096,4130.67096,4126.26367,4126.68436
2026-10-08T14:43:00+00:00,4127.60795,4128.6973,4127.43453,4128.50915
2026-10-08T14:44:00+00:00,4128.1765,4128.1765,4126.36629,4126.76972
2026-10-08T14:45:00+00:00,4127.47097,4127.47097,4125.37187,4125.66101
2026-10-08T14:46:00+00:00,4126.11492,4126.11492,4123.91175,4124.43735
2026-10-08T14:47:00+00:00,4125.60337,4125.60337,4123.20125,4123.43966
2026-10-08T14:48:00+00:00,4123.77106,4124.42434,4122.86127,4122.98101
2026-10-08T14:49:00+00:00,4123.04608,4125.48825,4123.04608,4125.15965
2026-10-08T14:50:00+00:00,4124.34121,4126.13156,4124.34121,4125.85743
2026-10-08T14:51:00+00:00,4125.49718,4126.26367,4125.49718,4126.19253
2026-10-08T14:52:00+00:00,4125.95344,4126.93153,4125.57834,4126.66503
2026-10-08T14:53:00+00:00,4126.13984,4127.11515,4126.02377,4127.01538
2026-10-08T14:54:00+00:00,4126.84693,4126.84693,4125.31603,4125.53534
2026-10-08T14:55:00+00:00,4125.83666,4125.83666,4124.90203,4125.02223
2026-10-08T14:56:00+00:00,4125.17401,4125.58274,4125.17401,4125.56161
2026-10-08T14:57:00+00:00,4125.48115,4125.61178,4124.90203,4124.97036
2026-10-08T14:58:00+00:00,4125.12722,4125.92318,4125.12722,4125.8313
2026-10-08T14:59:00+00:00,4125.6242,4125.6242,4125.0102,4125.13659
2026-10-08T15:00:00+00:00,4125.33158,4125.39497,4123.3348,4123.87371
2026-10-08T15:01:00+00:00,4124.63046,4125.31683,4121.07838,4121.8756
2026-10-08T15:02:00+00:00,4123.42761,4123.42761,4120.0063,4120.41944
2026-10-08T15:03:00+00:00,4121.26082,4121.38617,4119.04964,4119.38039
2026-10-08T15:04:00+00:00,4119.68114,4121.84164,4119.68114,4121.62852
2026-10-08T15:05:00+00:00,4121.18937,4121.28813,4120.35744,4120.56188
2026-10-08T15:06:00+00:00,4120.93359,4120.93359,4120.14338,4120.22502
2026-10-08T15:07:00+00:00,4120.37299,4120.66326,4119.75945,4119.95898
2026-10-08T15:08:00+00:00,4120.31984,4120.31984,4119.52473,4119.60996
2026-10-08T15:09:00+00:00,4119.86701,4120.61705,4119.64604,4120.48255
2026-10-08T15:10:00+00:00,4120.22631,4120.22631,4118.54211,4118.95422
2026-10-08T15:11:00+00:00,4119.62654,4119.62654,4117.46405,4117.78191
2026-10-08T15:12:00+00:00,4118.30434,4118.30434,4116.66192,4116.96029
2026-10-08T15:13:00+00:00,4117.55418,4117.55418,4116.24269,4116.38241
2026-10-08T15:14:00+00:00,4116.64144,4116.86249,4116.31243,4116.82119
2026-10-08T15:15:00+00:00,4116.72056,4116.72056,4114.85764,4115.35339
2026-10-08T15:16:00+00:00,4115.99635,4115.99635,4114.04122,4114.31416
2026-10-08T15:17:00+00:00,4114.6702,4115.55711,4114.6702,4115.39788
2026-10-08T15:18:00+00:00,4115.12842,4115.73334,4115.12842,4115.61912
2026-10-08T15:19:00+00:00,4115.39605,4115.94121,4114.51917,4115.86308
2026-10-08T15:20:00+00:00,4115.5524,4115.5524,4113.87198,4114.10371
2026-10-08T15:21:00+00:00,4114.47359,4115.15571,4114.25047,4114.9476
2026-10-08T15:22:00+00:00,4114.46606,4116.19732,4114.46606,4115.78182
2026-10-08T15:23:00+00:00,4115.24642,4116.58159,4115.24642,4116.43521
2026-10-08T15:24:00+00:00,4116.04723,4116.58159,4115.08474,4116.50096
2026-10-08T15:25:00+00:00,4116.10766,4116.10766,4114.21048,4114.49275
2026-10-08T15:26:00+00:00,4114.82869,4115.90385,4114.82869,4115.78221
2026-10-08T15:27:00+00:00,4115.51415,4115.51415,4115.05699,4115.12873
2026-10-08T15:28:00+00:00,4115.18009,4116.85957,4114.88266,4116.40831
2026-10-08T15:29:00+00:00,4115.25665,4117.25955,4115.25665,4117.06872
2026-10-08T15:30:00+00:00,4116.73794,4117.49446,4115.9297,4117.24947
2026-10-08T15:31:00+00:00,4116.83256,4116.83256,4114.44799,4115.0072
2026-10-08T15:32:00+00:00,4116.12631,4116.12631,4113.53353,4113.81349
2026-10-08T15:33:00+00:00,4114.25712,4115.30634,4114.25712,4115.08586
2026-10-08T15:34:00+00:00,4114.79279,4115.3957,4114.79279,4115.36172
2026-10-08T15:35:00+00:00,4115.18095,4115.75196,4115.07237,4115.59703
2026-10-08T15:36:00+00:00,4115.37168,4115.82536,4115.24833,4115.76376
2026-10-08T15:37:00+00:00,4115.61275,4115.61275,4115.22634,4115.24567
2026-10-08T15:38:00+00:00,4115.28461,4115.31137,4115.22634,4115.30245
2026-10-08T15:39:00+00:00,4115.22837,4116.20763,4115.05482,4115.92703
2026-10-08T15:40:00+00:00,4115.22789,4116.62232,4115.22789,4116.43083
2026-10-08T15:41:00+00:00,4116.17893,4117.25158,4116.17893,4117.00272
2026-10-08T15:42:00+00:00,4116.38678,4117.77758,4116.38678,4117.6272
2026-10-08T15:43:00+00:00,4117.3067,4117.76817,4116.80237,4117.74834
2026-10-08T15:44:00+00:00,4117.74218,4117.74218,4116.24269,4116.41485
2026-10-08T15:45:00+00:00,4116.71026,4116.71299,4116.05556,4116.23288
2026-10-08T15:46:00+00:00,4116.54699,4116.54699,4115.02676,4115.37354
2026-10-08T15:47:00+00:00,4115.81966,4115.889,4114.37976,4114.57282
2026-10-08T15:48:00+00:00,4114.88119,4116.41214,4114.88119,4116.25981
2026-10-08T15:49:00+00:00,4115.94618,4115.94618,4113.96888,4114.59071
2026-10-08T15:50:00+00:00,4115.99969,4115.99969,4113.02595,4113.3268
2026-10-08T15:51:00+00:00,4113.88878,4114.07342,4113.70274,4113.75446
2026-10-08T15:52:00+00:00,4113.74004,4114.21048,4113.21483,4114.17218
2026-10-08T15:53:00+00:00,4113.92372,4113.92372,4112.68764,4112.85575
2026-10-08T15:54:00+00:00,4113.11155,4113.11155,4112.72126,4112.77521
2026-10-08T15:55:00+00:00,4112.8342,4113.05804,4111.99932,4112.22163
2026-10-08T15:56:00+00:00,4112.6389,4112.6389,4111.74604,4111.84413
2026-10-08T15:57:00+00:00,4111.95826,4111.95826,4111.33495,4111.44455
2026-10-08T15:58:00+00:00,4111.51957,4112.09989,4111.51957,4111.98961
2026-10-08T15:59:00+00:00,4111.81001,4112.01118,4111.81001,4112.00017
2026-10-08T16:00:00+00:00,4111.92603,4112.01586,4111.92603,4111.99657
2026-10-08T16:01:00+00:00,4111.93467,4112.11079,4109.78782,4112.07129
2026-10-08T16:02:00+00:00,4112.31387,4112.31387,4108.63224,4109.00833
2026-10-08T16:03:00+00:00,4109.71298,4109.95977,4109.23965,4109.40355
2026-10-08T16:04:00+00:00,4109.67892,4109.67892,4108.89752,4109.02963
2026-10-08T16:05:00+00:00,4109.19493,4109.82434,4107.53591,4107.96533
2026-10-08T16:06:00+00:00,4108.77757,4108.77757,4106.45366,4106.87294
2026-10-08T16:07:00+00:00,4107.72987,4107.72987,4105.76449,4105.97775
2026-10-08T16:08:00+00:00,4106.36189,4107.0052,4106.36189,4106.80562
2026-10-08T16:09:00+00:00,4106.49919,4109.19839,4106.49919,4108.43047
2026-10-08T16:10:00+00:00,4106.97351,4110.58542,4106.97351,4110.13504
2026-10-08T16:11:00+00:00,4108.94319,4111.7987,4108.94319,4111.3608
2026-10-08T16:12:00+00:00,4110.54868,4112.36484,4110.54868,4112.0959
2026-10-08T16:13:00+00:00,4111.72394,4112.68764,4111.72394,4112.58495
2026-10-08T16:14:00+00:00,4112.37163,4112.37163,4111.45336,4111.62892
2026-10-08T16:15:00+00:00,4111.89093,4111.89093,4110.99692,4111.13408
2026-10-08T16:16:00+00:00,4111.21605,4112.01118,4111.14011,4111.91149
2026-10-08T16:17:00+00:00,4111.62942,4120.63252,4110.65894,4110.75448
2026-10-08T16:18:00+00:00,4112.85901,4125.07219,4112.85901,4123.51642
2026-10-08T16:19:00+00:00,4121.28077,4125.72729,4121.28077,4125.06231
2026-10-08T16:20:00+00:00,4123.85306,4123.85306,4120.61788,4121.13439
2026-10-08T16:21:00+00:00,4122.25643,4122.25643,4118.69029,4119.33595
2026-10-08T16:22:00+00:00,4120.3503,4120.3503,4117.59862,4117.95526
2026-10-08T16:23:00+00:00,4118.33098,4120.76249,4118.33098,4120.33982
2026-10-08T16:24:00+00:00,4119.52348,4121.27346,4119.52348,4121.02395
2026-10-08T16:25:00+00:00,4120.68197,4121.50188,4120.68197,4121.43258
2026-10-08T16:26:00+00:00,4121.16712,4121.50188,4120.95475,4121.46943
2026-10-08T16:27:00+00:00,4121.31432,4122.02782,4119.4506,4119.92663
2026-10-08T16:28:00+00:00,4120.81063,4120.81063,4118.59428,4118.93281
2026-10-08T16:29:00+00:00,4119.59764,4119.59764,4118.10732,4118.2496
2026-10-08T16:30:00+00:00,4118.48428,4118.48428,4118.10732,4118.15947
2026-10-08T16:31:00+00:00,4118.21591,4118.27802,4117.57778,4118.27802
2026-10-08T16:32:00+00:00,4118.19376,4118.80158,4117.09004,4117.22602
2026-10-08T16:33:00+00:00,4117.72331,4119.65689,4117.72331,4119.38835
2026-10-08T16:34:00+00:00,4118.6676,4120.14338,4118.6676,4119.98443
2026-10-08T16:35:00+00:00,4119.6819,4119.74103,4119.30647,4119.42112
2026-10-08T16:36:00+00:00,4119.59403,4119.59403,4118.13256,4118.54058
2026-10-08T16:37:00+00:00,4119.06391,4119.12192,4116.86547,4117.28538
2026-10-08T16:38:00+00:00,4118.12977,4118.12977,4116.41214,4116.59584
2026-10-08T16:39:00+00:00,4116.96246,4117.39589,4116.92054,4117.28086
2026-10-08T16:40:00+00:00,4116.88643,4120.92909,4113.9528,4119.73575
2026-10-08T16:41:00+00:00,4116.9353,4122.35139,4116.9353,4121.77887
2026-10-08T16:42:00+00:00,4120.72224,4121.0808,4120.72224,4121.00029
2026-10-08T16:43:00+00:00,4120.83076,4121.16379,4120.28648,4121.13412
2026-10-08T16:44:00+00:00,4121.00413,4121.00413,4119.8039,4119.97429
2026-10-08T16:45:00+00:00,4120.25641,4120.25641,4119.66238,4119.77191
2026-10-08T16:46:00+00:00,4119.934,4121.07383,4119.29478,4119.37544
2026-10-08T16:47:00+00:00,4119.84912,4122.27579,4119.84912,4121.87541
2026-10-08T16:48:00+00:00,4121.18166,4121.18166,4117.73995,4118.54343
2026-10-08T16:49:00+00:00,4120.40709,4120.40709,4115.26078,4116.11403
2026-10-08T16:50:00+00:00,4117.26615,4122.1031,4117.26615,4121.30193
2026-10-08T16:51:00+00:00,4119.63609,4123.03125,4119.63609,4122.65226
2026-10-08T16:52:00+00:00,4121.92297,4122.77063,4121.67175,4121.71581
2026-10-08T16:53:00+00:00,4121.49882,4123.20125,4121.49882,4123.03538
2026-10-08T16:54:00+00:00,4122.59766,4122.59766,4121.50188,4121.67755
2026-10-08T16:55:00+00:00,4121.82978,4122.69129,4121.82978,4122.58123
2026-10-08T16:56:00+00:00,4122.39586,4124.15853,4122.35139,4123.54299
2026-10-08T16:57:00+00:00,4122.76293,4125.07219,4122.76293,4124.79102
2026-10-08T16:58:00+00:00,4124.28208,4124.28208,4123.24577,4123.36418
2026-10-08T16:59:00+00:00,4123.69324,4124.65589,4123.69324,4124.45028
2026-10-08T17:00:00+00:00,4123.95509,4125.07219,4123.95509,4124.94499
2026-10-08T17:01:00+00:00,4124.64539,4125.93986,4123.8814,4123.96421
2026-10-08T17:02:00+00:00,4124.50674,4126.8925,4124.50674,4126.58371
2026-10-08T17:03:00+00:00,4125.87886,4127.45584,4125.87886,4127.29166
2026-10-08T17:04:00+00:00,4126.95235,4127.15891,4125.847,4127.15891
2026-10-08T17:05:00+00:00,4127.28844,4130.8561,4121.39045,4122.91806
2026-10-08T17:06:00+00:00,4126.67038,4132.91453,4126.67038,4132.13661
2026-10-08T17:07:00+00:00,4130.93021,4134.11055,4130.93021,4133.73006
2026-10-08T17:08:00+00:00,4132.94502,4132.94502,4132.71732,4132.79316
2026-10-08T17:09:00+00:00,4132.89222,4133.09929,4131.84519,4132.11519
2026-10-08T17:10:00+00:00,4132.61579,4132.61579,4131.5485,4131.6612
2026-10-08T17:11:00+00:00,4131.8525,4133.17802,4131.5485,4131.62398
2026-10-08T17:12:00+00:00,4131.47347,4134.85516,4131.47347,4134.29805
2026-10-08T17:13:00+00:00,4132.91814,4135.47827,4132.91814,4135.19635
2026-10-08T17:14:00+00:00,4134.73781,4136.39651,4133.35279,4135.88382
2026-10-08T17:15:00+00:00,4134.99098,4134.99098,4132.91453,4133.12202
2026-10-08T17:16:00+00:00,4133.46711,4135.34148,4132.74373,4132.83039
2026-10-08T17:17:00+00:00,4132.81594,4137.83947,4132.81594,4136.97626
2026-10-08T17:18:00+00:00,4135.00246,4143.664,4133.81654,4141.58637
2026-10-08T17:19:00+00:00,4138.61846,4146.28079,4138.61846,4145.31798
2026-10-08T17:20:00+00:00,4143.60817,4145.83091,4141.67276,4145.36037
2026-10-08T17:21:00+00:00,4144.01785,4144.01785,4139.47838,4140.23848
2026-10-08T17:22:00+00:00,4141.35953,4141.35953,4138.55895,4138.91243
2026-10-08T17:23:00+00:00,4139.51211,4139.92962,4139.11231,4139.87059
2026-10-08T17:24:00+00:00,4139.6756,4139.6756,4138.19444,4138.5148
2026-10-08T17:25:00+00:00,4139.17117,4139.17117,4136.54253,4137.12772
2026-10-08T17:26:00+00:00,4138.05437,4138.05437,4135.0503,4135.50975
2026-10-08T17:27:00+00:00,4136.22048,4136.22048,4134.45239,4134.65765
2026-10-08T17:28:00+00:00,4135.12747,4136.33355,4135.12747,4136.18883
2026-10-08T17:29:00+00:00,4135.9023,4135.9023,4133.23166,4134.01403
2026-10-08T17:30:00+00:00,4135.82381,4135.82381,4130.73263,4131.59457
2026-10-08T17:31:00+00:00,4133.45461,4133.45461,4129.33064,4129.75902
2026-10-08T17:32:00+00:00,4130.54688,4132.01313,4130.51866,4130.51866
2026-10-08T17:33:00+00:00,4130.83277,4132.74373,4130.83277,4132.51292
2026-10-08T17:34:00+00:00,4132.09923,4132.09923,4130.98305,4131.13551
2026-10-08T17:35:00+00:00,4131.34244,4131.34244,4130.52458,4130.65446
2026-10-08T17:36:00+00:00,4130.81286,4131.7601,4130.01014,4130.27672
2026-10-08T17:37:00+00:00,4130.91916,4132.06066,4130.91916,4131.91319
2026-10-08T17:38:00+00:00,4131.56861,4132.06066,4131.12082,4131.99015
2026-10-08T17:39:00+00:00,4131.74313,4131.74313,4130.52458,4130.71677
2026-10-08T17:40:00+00:00,4131.00462,4131.22013,4131.00462,4131.21305
2026-10-08T17:41:00+00:00,4131.1773,4131.20714,4130.9759,4131.0339
2026-10-08T17:42:00+00:00,4131.10953,4131.10953,4130.62219,4130.7404
2026-10-08T17:43:00+00:00,4130.92739,4130.92739,4130.35397,4130.42905
2026-10-08T17:44:00+00:00,4130.56058,4130.96047,4130.52458,4130.87856
2026-10-08T17:45:00+00:00,4130.60296,4131.07339,4130.60296,4131.01544
2026-10-08T17:46:00+00:00,4130.93062,4132.09346,4130.86583,4131.70085
2026-10-08T17:47:00+00:00,4130.81437,4132.74373,4130.81437,4132.53314
2026-10-08T17:48:00+00:00,4132.09113,4132.8327,4129.76095,4130.45406
2026-10-08T17:49:00+00:00,4131.9695,4131.9695,4128.81916,4129.14859
2026-10-08T17:50:00+00:00,4129.69497,4129.9482,4128.08968,4128.48356
2026-10-08T17:51:00+00:00,4129.17152,4129.17152,4127.6262,4127.80278
2026-10-08T17:52:00+00:00,4128.10411,4128.42911,4127.96698,4128.0019
2026-10-08T17:53:00+00:00,4127.93417,4129.93956,4127.25779,4129.39247
2026-10-08T17:54:00+00:00,4128.54289,4131.28316,4128.54289,4130.75036
2026-10-08T17:55:00+00:00,4130.06836,4132.06066,4130.06836,4131.82067
2026-10-08T17:56:00+00:00,4131.18463,4133.34438,4130.80896,4132.87574
2026-10-08T17:57:00+00:00,4131.80825,4133.76876,4131.80825,4133.56063
2026-10-08T17:58:00+00:00,4133.14978,4133.40638,4132.74373,4132.84001
2026-10-08T17:59:00+00:00,4132.82949,4133.62365,4132.82949,4133.54076
2026-10-08T18:00:00+00:00,4133.42114,4133.98392,4132.87514,4133.82574
2026-10-08T18:01:00+00:00,4133.53977,4133.53977,4132.74373,4132.79987
2026-10-08T18:02:00+00:00,4132.86308,4132.86308,4132.40217,4132.49154
2026-10-08T18:03:00+00:00,4132.51947,4133.08535,4132.35616,4133.01146
2026-10-08T18:04:00+00:00,4132.76369,4133.85626,4130.52459,4131.12921
2026-10-08T18:05:00+00:00,4132.34262,4132.34262,4129.51526,4129.93325
2026-10-08T18:06:00+00:00,4130.75835,4130.75835,4128.81916,4129.02905
2026-10-08T18:07:00+00:00,4129.39278,4130.13126,4129.39278,4129.88646
2026-10-08T18:08:00+00:00,4129.54465,4130.57186,4129.54465,4130.4312
2026-10-08T18:09:00+00:00,4129.97319,4130.86583,4129.97319,4130.76375
2026-10-08T18:10:00+00:00,4130.49355,4131.59415,4128.49627,4129.05671
2026-10-08T18:11:00+00:00,4130.14286,4130.14286,4127.96698,4128.20463
2026-10-08T18:12:00+00:00,4128.60919,4128.60919,4127.32779,4127.62976
2026-10-08T18:13:00+00:00,4128.11825,4128.11825,4126.94482,4127.0718
2026-10-08T18:14:00+00:00,4127.30795,4127.79658,4127.30795,4127.74711
2026-10-08T18:15:00+00:00,4127.61671,4128.39486,4127.05302,4127.1635
2026-10-08T18:16:00+00:00,4127.5775,4128.64869,4127.5775,4128.55216
2026-10-08T18:17:00+00:00,4128.24685,4128.64869,4127.82282,4128.59849
2026-10-08T18:18:00+00:00,4128.36004,4128.36004,4126.99196,4127.25552
2026-10-08T18:19:00+00:00,4127.7695,4127.7695,4126.77451,4126.86175
2026-10-08T18:20:00+00:00,4127.02159,4128.1457,4125.63495,4126.09655
2026-10-08T18:21:00+00:00,4127.01204,4127.01204,4125.24236,4125.41945
2026-10-08T18:22:00+00:00,4125.70238,4125.70238,4124.65291,4124.82731
2026-10-08T18:23:00+00:00,4125.12254,4125.23699,4124.39165,4124.46566
2026-10-08T18:24:00+00:00,4124.70806,4126.31409,4124.70806,4125.93807
2026-10-08T18:25:00+00:00,4125.00949,4127.46074,4125.00949,4127.09421
2026-10-08T18:26:00+00:00,4126.25052,4127.79658,4126.25052,4127.63796
2026-10-08T18:27:00+00:00,4127.30659,4127.30659,4126.09341,4126.25314
2026-10-08T18:28:00+00:00,4126.51741,4126.65029,4125.92318,4125.97878
2026-10-08T18:29:00+00:00,4126.16211,4126.98504,4126.05534,4126.87084
2026-10-08T18:30:00+00:00,4126.64938,4126.64938,4124.73543,4125.22867
2026-10-08T18:31:00+00:00,4126.2473,4126.2473,4123.53328,4123.89913
2026-10-08T18:32:00+00:00,4124.36795,4124.36795,4122.82512,4123.05863
2026-10-08T18:33:00+00:00,4123.50176,4123.50176,4122.69129,4122.74965
2026-10-08T18:34:00+00:00,4122.90677,4124.31746,4121.66345,4123.88075
2026-10-08T18:35:00+00:00,4123.18594,4123.18594,4121.16217,4121.35359
2026-10-08T18:36:00+00:00,4121.83137,4122.35139,4121.83137,4122.32886
2026-10-08T18:37:00+00:00,4122.194,4122.89732,4121.74704,4122.66898
2026-10-08T18:38:00+00:00,4122.266,4123.03125,4122.266,4122.92899
2026-10-08T18:39:00+00:00,4122.73723,4123.21867,4122.73723,4123.16678
2026-10-08T18:40:00+00:00,4122.97124,4124.37304,4122.4069,4123.9503
2026-10-08T18:41:00+00:00,4123.36695,4124.73189,4123.36695,4124.58583
2026-10-08T18:42:00+00:00,4124.30783,4124.30783,4123.53349,4123.61195
2026-10-08T18:43:00+00:00,4123.70381,4123.70381,4123.20125,4123.2853
2026-10-08T18:44:00+00:00,4123.36492,4124.25297,4122.59176,4122.85701
2026-10-08T18:45:00+00:00,4123.30639,4125.34532,4123.30639,4124.89355
2026-10-08T18:46:00+00:00,4124.32365,4126.0699,4124.32365,4125.82273
2026-10-08T18:47:00+00:00,4125.40785,4125.96165,4123.32021,4123.75371
2026-10-08T18:48:00+00:00,4124.663,4126.43394,4124.663,4126.23714
2026-10-08T18:49:00+00:00,4125.94447,4125.94447,4124.39165,4124.55955
2026-10-08T18:50:00+00:00,4124.88621,4125.93671,4124.88621,4125.58196
2026-10-08T18:51:00+00:00,4125.05198,4126.43394,4125.05198,4126.29741
2026-10-08T18:52:00+00:00,4125.89336,4126.45907,4125.89336,4126.38223
2026-10-08T18:53:00+00:00,4126.27218,4126.36685,4126.26367,4126.36685
2026-10-08T18:54:00+00:00,4126.26459,4127.30963,4125.57188,4126.98541
2026-10-08T18:55:00+00:00,4126.36979,4127.67306,4126.36979,4127.48095
2026-10-08T18:56:00+00:00,4127.19788,4127.79658,4127.19788,4127.76302
2026-10-08T18:57:00+00:00,4127.64036,4127.64036,4127.45584,4127.46226
2026-10-08T18:58:00+00:00,4127.47838,4127.51638,4127.28548,4127.50324
2026-10-08T18:59:00+00:00,4127.35022,4127.71822,4127.35022,4127.65466
2026-10-08T19:00:00+00:00,4127.55868,4128.07574,4127.45584,4127.90418
2026-10-08T19:01:00+00:00,4127.48966,4129.05319,4127.48966,4128.75662
2026-10-08T19:02:00+00:00,4128.02009,4129.33064,4128.02009,4129.19259
2026-10-08T19:03:00+00:00,4128.90264,4129.4611,4127.45981,4127.87414
2026-10-08T19:04:00+00:00,4128.5983,4128.5983,4126.94482,4127.12947
2026-10-08T19:05:00+00:00,4127.5432,4128.7534,4127.5432,4128.50759
2026-10-08T19:06:00+00:00,4127.80303,4129.69842,4127.80303,4129.37915
2026-10-08T19:07:00+00:00,4128.81033,4129.84224,4128.46864,4129.75768
2026-10-08T19:08:00+00:00,4129.70145,4129.70145,4127.96698,4128.13771
2026-10-08T19:09:00+00:00,4128.46232,4129.39795,4128.46232,4129.22835
2026-10-08T19:10:00+00:00,4128.9576,4129.50116,4128.9576,4129.47913
2026-10-08T19:11:00+00:00,4129.38037,4129.49123,4129.16013,4129.18671
2026-10-08T19:12:00+00:00,4129.27635,4129.50298,4129.27635,4129.48111
2026-10-08T19:13:00+00:00,4129.30683,4129.8215,4129.30683,4129.71863
2026-10-08T19:14:00+00:00,4129.56734,4130.37615,4129.56734,4130.1283
2026-10-08T19:15:00+00:00,4129.63293,4130.86583,4129.41535,4130.7073
2026-10-08T19:16:00+00:00,4130.27396,4130.27396,4128.33516,4128.72314
2026-10-08T19:17:00+00:00,4129.54806,4129.54806,4127.79658,4127.98776
2026-10-08T19:18:00+00:00,4128.39958,4128.95636,4128.16991,4128.86343
2026-10-08T19:19:00+00:00,4128.67547,4128.67547,4127.96698,4128.04899
2026-10-08T19:20:00+00:00,4128.21524,4128.53792,4128.21524,4128.46311
2026-10-08T19:21:00+00:00,4128.28875,4128.64869,4128.28875,4128.6302
2026-10-08T19:22:00+00:00,4128.54449,4128.64869,4128.47824,4128.62563
2026-10-08T19:23:00+00:00,4128.56471,4129.6507,4128.30781,4128.37666
2026-10-08T19:24:00+00:00,4128.19256,4131.05825,4128.19256,4130.58198
2026-10-08T19:25:00+00:00,4129.54738,4131.5485,4129.54738,4131.32234
2026-10-08T19:26:00+00:00,4130.86365,4130.86365,4130.18338,4130.2758
2026-10-08T19:27:00+00:00,4130.2913,4131.93865,4129.96849,4131.54175
2026-10-08T19:28:00+00:00,4130.97532,4132.2314,4130.97532,4132.09546
2026-10-08T19:29:00+00:00,4131.77715,4131.77715,4131.51443,4131.59788
2026-10-08T19:30:00+00:00,4131.71251,4132.41315,4129.90607,4130.45349
